Record Length,2500,Points,-6.04E-04,2.00E-01,,Record Length,2500,Points,-6.04E-04,-4.00E-02
Sample Interval,4.00E-07,s,-6.04E-04,2.00E-01,,Sample Interval,4.00E-07,s,-6.04E-04,0
Trigger Point,1.51E+03,Samples,-6.03E-04,0,,Trigger Point,1.51E+03,Samples,-6.03E-04,4.00E-02
,,,-6.03E-04,0,,,,,-6.03E-04,0
,,,-6.02E-04,-2.00E-01,,,,,-6.02E-04,4.00E-02
,,,-6.02E-04,2.00E-01,,,,,-6.02E-04,0
Source,CH1,,-6.02E-04,0,,Source,CH2,,-6.02E-04,0
Vertical Units,Volts,,-6.01E-04,2.00E-01,,Vertical Units,Volts,,-6.01E-04,-4.00E-02
Vertical Scale,5.00000007,,-6.01E-04,2.00E-01,,Vertical Scale,1.00E+00,,-6.01E-04,0
Vertical Offset,0,,-6.00E-04,2.00E-01,,Vertical Offset,0,,-6.00E-04,0
Horizontal Units,s,,-6.00E-04,-2.00E-01,,Horizontal Units,s,,-6.00E-04,-4.00E-02
Horizontal Scale,1.00E-04,,-6.00E-04,2.00E-01,,Horizontal Scale,1.00E-04,,-6.00E-04,-4.00E-02
Pt Fmt,Y,,-5.99E-04,0,,Pt Fmt,Y,,-5.99E-04,8.00E-02
Yzero,1.60E-01,,-5.99E-04,0,,Yzero,-1.56,,-5.99E-04,0
Probe Atten,1,,-5.98E-04,2.00E-01,,Probe Atten,1,,-5.98E-04,0
,,,-5.98E-04,0,,,,,-5.98E-04,-4.00E-02
Note,TDS 1002B - 2:36:24 PM   2/19/2025,,-5.98E-04,0,,Note,TDS 1002B - 2:36:24 PM   2/19/2025,,-5.98E-04,4.00E-02
,,,-5.97E-04,-2.00E-01,,,,,-5.97E-04,0
,,,-5.97E-04,-2.00E-01,,,,,-5.97E-04,-4.00E-02
,,,-5.96E-04,0,,,,,-5.96E-04,0
,,,-5.96E-04,0,,,,,-5.96E-04,0
,,,-5.96E-04,0,,,,,-5.96E-04,-4.00E-02
,,,-5.95E-04,-2.00E-01,,,,,-5.95E-04,0
,,,-5.95E-04,0,,,,,-5.95E-04,0
,,,-5.94E-04,4.00E-01,,,,,-5.94E-04,4.00E-02
,,,-5.94E-04,-2.00E-01,,,,,-5.94E-04,0
,,,-5.94E-04,0,,,,,-5.94E-04,0
,,,-5.93E-04,0,,,,,-5.93E-04,-4.00E-02
,,,-5.93E-04,0,,,,,-5.93E-04,-4.00E-02
,,,-5.92E-04,0,,,,,-5.92E-04,0
,,,-5.92E-04,-2.00E-01,,,,,-5.92E-04,0
,,,-5.92E-04,-2.00E-01,,,,,-5.92E-04,0
,,,-5.91E-04,0,,,,,-5.91E-04,-4.00E-02
,,,-5.91E-04,-2.00E-01,,,,,-5.91E-04,0
,,,-5.90E-04,4.00E-01,,,,,-5.90E-04,0
,,,-5.90E-04,-2.00E-01,,,,,-5.90E-04,0
,,,-5.90E-04,0,,,,,-5.90E-04,0
,,,-5.89E-04,-2.00E-01,,,,,-5.89E-04,-4.00E-02
,,,-5.89E-04,0,,,,,-5.89E-04,0
,,,-5.88E-04,2.00E-01,,,,,-5.88E-04,0
,,,-5.88E-04,0,,,,,-5.88E-04,4.00E-02
,,,-5.88E-04,-2.00E-01,,,,,-5.88E-04,-4.00E-02
,,,-5.87E-04,0,,,,,-5.87E-04,0
,,,-5.87E-04,0,,,,,-5.87E-04,-4.00E-02
,,,-5.86E-04,-2.00E-01,,,,,-5.86E-04,0
,,,-5.86E-04,2.00E-01,,,,,-5.86E-04,0
,,,-5.86E-04,-2.00E-01,,,,,-5.86E-04,-8.00E-02
,,,-5.85E-04,2.00E-01,,,,,-5.85E-04,-4.00E-02
,,,-5.85E-04,0,,,,,-5.85E-04,-4.00E-02
,,,-5.84E-04,0,,,,,-5.84E-04,-4.00E-02
,,,-5.84E-04,0,,,,,-5.84E-04,0
,,,-5.84E-04,0,,,,,-5.84E-04,-4.00E-02
,,,-5.83E-04,2.00E-01,,,,,-5.83E-04,-4.00E-02
,,,-5.83E-04,2.00E-01,,,,,-5.83E-04,0
,,,-5.82E-04,0,,,,,-5.82E-04,0
,,,-5.82E-04,0,,,,,-5.82E-04,0
,,,-5.82E-04,0,,,,,-5.82E-04,-4.00E-02
,,,-5.81E-04,0,,,,,-5.81E-04,0
,,,-5.81E-04,0,,,,,-5.81E-04,0
,,,-5.80E-04,0,,,,,-5.80E-04,-4.00E-02
,,,-5.80E-04,2.00E-01,,,,,-5.80E-04,-4.00E-02
,,,-5.80E-04,0,,,,,-5.80E-04,-4.00E-02
,,,-5.79E-04,0,,,,,-5.79E-04,-4.00E-02
,,,-5.79E-04,-2.00E-01,,,,,-5.79E-04,0
,,,-5.78E-04,0,,,,,-5.78E-04,-4.00E-02
,,,-5.78E-04,2.00E-01,,,,,-5.78E-04,0
,,,-5.78E-04,-2.00E-01,,,,,-5.78E-04,4.00E-02
,,,-5.77E-04,2.00E-01,,,,,-5.77E-04,0
,,,-5.77E-04,0,,,,,-5.77E-04,-4.00E-02
,,,-5.76E-04,0,,,,,-5.76E-04,-8.00E-02
,,,-5.76E-04,0,,,,,-5.76E-04,0
,,,-5.76E-04,0,,,,,-5.76E-04,0
,,,-5.75E-04,0,,,,,-5.75E-04,0
,,,-5.75E-04,-2.00E-01,,,,,-5.75E-04,0
,,,-5.74E-04,0,,,,,-5.74E-04,0
,,,-5.74E-04,-2.00E-01,,,,,-5.74E-04,4.00E-02
,,,-5.74E-04,0,,,,,-5.74E-04,0
,,,-5.73E-04,-2.00E-01,,,,,-5.73E-04,0
,,,-5.73E-04,0,,,,,-5.73E-04,0
,,,-5.72E-04,0,,,,,-5.72E-04,0
,,,-5.72E-04,0,,,,,-5.72E-04,-4.00E-02
,,,-5.72E-04,0,,,,,-5.72E-04,0
,,,-5.71E-04,-2.00E-01,,,,,-5.71E-04,0
,,,-5.71E-04,0,,,,,-5.71E-04,-4.00E-02
,,,-5.70E-04,-2.00E-01,,,,,-5.70E-04,-4.00E-02
,,,-5.70E-04,2.00E-01,,,,,-5.70E-04,4.00E-02
,,,-5.70E-04,0,,,,,-5.70E-04,0
,,,-5.69E-04,2.00E-01,,,,,-5.69E-04,0
,,,-5.69E-04,-2.00E-01,,,,,-5.69E-04,0
,,,-5.68E-04,0,,,,,-5.68E-04,0
,,,-5.68E-04,2.00E-01,,,,,-5.68E-04,0
,,,-5.68E-04,-2.00E-01,,,,,-5.68E-04,-8.00E-02
,,,-5.67E-04,0,,,,,-5.67E-04,0
,,,-5.67E-04,-2.00E-01,,,,,-5.67E-04,0
,,,-5.66E-04,0,,,,,-5.66E-04,-8.00E-02
,,,-5.66E-04,-2.00E-01,,,,,-5.66E-04,0
,,,-5.66E-04,2.00E-01,,,,,-5.66E-04,-4.00E-02
,,,-5.65E-04,0,,,,,-5.65E-04,-4.00E-02
,,,-5.65E-04,0,,,,,-5.65E-04,-8.00E-02
,,,-5.64E-04,0,,,,,-5.64E-04,0
,,,-5.64E-04,2.00E-01,,,,,-5.64E-04,0
,,,-5.64E-04,0,,,,,-5.64E-04,4.00E-02
,,,-5.63E-04,2.00E-01,,,,,-5.63E-04,0
,,,-5.63E-04,0,,,,,-5.63E-04,0
,,,-5.62E-04,0,,,,,-5.62E-04,-4.00E-02
,,,-5.62E-04,0,,,,,-5.62E-04,-4.00E-02
,,,-5.62E-04,0,,,,,-5.62E-04,-4.00E-02
,,,-5.61E-04,2.00E-01,,,,,-5.61E-04,0
,,,-5.61E-04,-2.00E-01,,,,,-5.61E-04,-4.00E-02
,,,-5.60E-04,2.00E-01,,,,,-5.60E-04,0
,,,-5.60E-04,0,,,,,-5.60E-04,-8.00E-02
,,,-5.60E-04,2.00E-01,,,,,-5.60E-04,4.00E-02
,,,-5.59E-04,0,,,,,-5.59E-04,-4.00E-02
,,,-5.59E-04,0,,,,,-5.59E-04,-4.00E-02
,,,-5.58E-04,0,,,,,-5.58E-04,-4.00E-02
,,,-5.58E-04,2.00E-01,,,,,-5.58E-04,0
,,,-5.58E-04,0,,,,,-5.58E-04,-4.00E-02
,,,-5.57E-04,0,,,,,-5.57E-04,4.00E-02
,,,-5.57E-04,0,,,,,-5.57E-04,-4.00E-02
,,,-5.56E-04,-2.00E-01,,,,,-5.56E-04,0
,,,-5.56E-04,0,,,,,-5.56E-04,0
,,,-5.56E-04,-2.00E-01,,,,,-5.56E-04,0
,,,-5.55E-04,2.00E-01,,,,,-5.55E-04,0
,,,-5.55E-04,0,,,,,-5.55E-04,-4.00E-02
,,,-5.54E-04,0,,,,,-5.54E-04,0
,,,-5.54E-04,2.00E-01,,,,,-5.54E-04,0
,,,-5.54E-04,-2.00E-01,,,,,-5.54E-04,-4.00E-02
,,,-5.53E-04,0,,,,,-5.53E-04,0
,,,-5.53E-04,0,,,,,-5.53E-04,-4.00E-02
,,,-5.52E-04,0,,,,,-5.52E-04,-4.00E-02
,,,-5.52E-04,-4.00E-01,,,,,-5.52E-04,0
,,,-5.52E-04,-2.00E-01,,,,,-5.52E-04,-4.00E-02
,,,-5.51E-04,0,,,,,-5.51E-04,0
,,,-5.51E-04,-2.00E-01,,,,,-5.51E-04,0
,,,-5.50E-04,0,,,,,-5.50E-04,0
,,,-5.50E-04,0,,,,,-5.50E-04,-4.00E-02
,,,-5.50E-04,0,,,,,-5.50E-04,0
,,,-5.49E-04,2.00E-01,,,,,-5.49E-04,4.00E-02
,,,-5.49E-04,-2.00E-01,,,,,-5.49E-04,0
,,,-5.48E-04,0,,,,,-5.48E-04,0
,,,-5.48E-04,0,,,,,-5.48E-04,0
,,,-5.48E-04,0,,,,,-5.48E-04,0
,,,-5.47E-04,2.00E-01,,,,,-5.47E-04,0
,,,-5.47E-04,0,,,,,-5.47E-04,-4.00E-02
,,,-5.46E-04,0,,,,,-5.46E-04,0
,,,-5.46E-04,2.00E-01,,,,,-5.46E-04,0
,,,-5.46E-04,2.00E-01,,,,,-5.46E-04,-4.00E-02
,,,-5.45E-04,0,,,,,-5.45E-04,0
,,,-5.45E-04,0,,,,,-5.45E-04,0
,,,-5.44E-04,-2.00E-01,,,,,-5.44E-04,0
,,,-5.44E-04,0,,,,,-5.44E-04,-4.00E-02
,,,-5.44E-04,2.00E-01,,,,,-5.44E-04,-4.00E-02
,,,-5.43E-04,2.00E-01,,,,,-5.43E-04,0
,,,-5.43E-04,-2.00E-01,,,,,-5.43E-04,-4.00E-02
,,,-5.42E-04,-2.00E-01,,,,,-5.42E-04,0
,,,-5.42E-04,0,,,,,-5.42E-04,4.00E-02
,,,-5.42E-04,2.00E-01,,,,,-5.42E-04,0
,,,-5.41E-04,0,,,,,-5.41E-04,0
,,,-5.41E-04,0,,,,,-5.41E-04,0
,,,-5.40E-04,2.00E-01,,,,,-5.40E-04,-4.00E-02
,,,-5.40E-04,0,,,,,-5.40E-04,0
,,,-5.40E-04,0,,,,,-5.40E-04,-4.00E-02
,,,-5.39E-04,-2.00E-01,,,,,-5.39E-04,0
,,,-5.39E-04,0,,,,,-5.39E-04,0
,,,-5.38E-04,0,,,,,-5.38E-04,0
,,,-5.38E-04,0,,,,,-5.38E-04,0
,,,-5.38E-04,-2.00E-01,,,,,-5.38E-04,0
,,,-5.37E-04,0,,,,,-5.37E-04,-4.00E-02
,,,-5.37E-04,0,,,,,-5.37E-04,-4.00E-02
,,,-5.36E-04,0,,,,,-5.36E-04,0
,,,-5.36E-04,-2.00E-01,,,,,-5.36E-04,4.00E-02
,,,-5.36E-04,0,,,,,-5.36E-04,0
,,,-5.35E-04,0,,,,,-5.35E-04,0
,,,-5.35E-04,0,,,,,-5.35E-04,0
,,,-5.34E-04,0,,,,,-5.34E-04,-4.00E-02
,,,-5.34E-04,2.00E-01,,,,,-5.34E-04,-4.00E-02
,,,-5.34E-04,0,,,,,-5.34E-04,0
,,,-5.33E-04,0,,,,,-5.33E-04,4.00E-02
,,,-5.33E-04,2.00E-01,,,,,-5.33E-04,0
,,,-5.32E-04,0,,,,,-5.32E-04,-4.00E-02
,,,-5.32E-04,0,,,,,-5.32E-04,-4.00E-02
,,,-5.32E-04,2.00E-01,,,,,-5.32E-04,-4.00E-02
,,,-5.31E-04,0,,,,,-5.31E-04,-4.00E-02
,,,-5.31E-04,-2.00E-01,,,,,-5.31E-04,-4.00E-02
,,,-5.30E-04,2.00E-01,,,,,-5.30E-04,-4.00E-02
,,,-5.30E-04,0,,,,,-5.30E-04,-8.00E-02
,,,-5.30E-04,0,,,,,-5.30E-04,0
,,,-5.29E-04,0,,,,,-5.29E-04,0
,,,-5.29E-04,0,,,,,-5.29E-04,-4.00E-02
,,,-5.28E-04,-2.00E-01,,,,,-5.28E-04,-4.00E-02
,,,-5.28E-04,0,,,,,-5.28E-04,-4.00E-02
,,,-5.28E-04,0,,,,,-5.28E-04,0
,,,-5.27E-04,-2.00E-01,,,,,-5.27E-04,-4.00E-02
,,,-5.27E-04,-2.00E-01,,,,,-5.27E-04,-4.00E-02
,,,-5.26E-04,-2.00E-01,,,,,-5.26E-04,0
,,,-5.26E-04,0,,,,,-5.26E-04,0
,,,-5.26E-04,2.00E-01,,,,,-5.26E-04,-4.00E-02
,,,-5.25E-04,0,,,,,-5.25E-04,-8.00E-02
,,,-5.25E-04,2.00E-01,,,,,-5.25E-04,0
,,,-5.24E-04,2.00E-01,,,,,-5.24E-04,-4.00E-02
,,,-5.24E-04,0,,,,,-5.24E-04,4.00E-02
,,,-5.24E-04,2.00E-01,,,,,-5.24E-04,0
,,,-5.23E-04,0,,,,,-5.23E-04,-4.00E-02
,,,-5.23E-04,0,,,,,-5.23E-04,0
,,,-5.22E-04,0,,,,,-5.22E-04,-4.00E-02
,,,-5.22E-04,0,,,,,-5.22E-04,-4.00E-02
,,,-5.22E-04,0,,,,,-5.22E-04,-4.00E-02
,,,-5.21E-04,0,,,,,-5.21E-04,-4.00E-02
,,,-5.21E-04,0,,,,,-5.21E-04,0
,,,-5.20E-04,-2.00E-01,,,,,-5.20E-04,-4.00E-02
,,,-5.20E-04,0,,,,,-5.20E-04,4.00E-02
,,,-5.20E-04,0,,,,,-5.20E-04,0
,,,-5.19E-04,0,,,,,-5.19E-04,0
,,,-5.19E-04,0,,,,,-5.19E-04,-4.00E-02
,,,-5.18E-04,-2.00E-01,,,,,-5.18E-04,0
,,,-5.18E-04,-2.00E-01,,,,,-5.18E-04,0
,,,-5.18E-04,0,,,,,-5.18E-04,4.00E-02
,,,-5.17E-04,-2.00E-01,,,,,-5.17E-04,0
,,,-5.17E-04,0,,,,,-5.17E-04,0
,,,-5.16E-04,0,,,,,-5.16E-04,0
,,,-5.16E-04,0,,,,,-5.16E-04,0
,,,-5.16E-04,-2.00E-01,,,,,-5.16E-04,0
,,,-5.15E-04,0,,,,,-5.15E-04,0
,,,-5.15E-04,-2.00E-01,,,,,-5.15E-04,4.00E-02
,,,-5.14E-04,0,,,,,-5.14E-04,0
,,,-5.14E-04,-2.00E-01,,,,,-5.14E-04,4.00E-02
,,,-5.14E-04,0,,,,,-5.14E-04,0
,,,-5.13E-04,2.00E-01,,,,,-5.13E-04,0
,,,-5.13E-04,-2.00E-01,,,,,-5.13E-04,0
,,,-5.12E-04,-2.00E-01,,,,,-5.12E-04,-4.00E-02
,,,-5.12E-04,0,,,,,-5.12E-04,-4.00E-02
,,,-5.12E-04,0,,,,,-5.12E-04,0
,,,-5.11E-04,2.00E-01,,,,,-5.11E-04,4.00E-02
,,,-5.11E-04,-2.00E-01,,,,,-5.11E-04,-4.00E-02
,,,-5.10E-04,-2.00E-01,,,,,-5.10E-04,0
,,,-5.10E-04,0,,,,,-5.10E-04,-4.00E-02
,,,-5.10E-04,-2.00E-01,,,,,-5.10E-04,4.00E-02
,,,-5.09E-04,0,,,,,-5.09E-04,0
,,,-5.09E-04,0,,,,,-5.09E-04,0
,,,-5.08E-04,-2.00E-01,,,,,-5.08E-04,0
,,,-5.08E-04,0,,,,,-5.08E-04,0
,,,-5.08E-04,-2.00E-01,,,,,-5.08E-04,-4.00E-02
,,,-5.07E-04,0,,,,,-5.07E-04,0
,,,-5.07E-04,-2.00E-01,,,,,-5.07E-04,0
,,,-5.06E-04,0,,,,,-5.06E-04,-8.00E-02
,,,-5.06E-04,0,,,,,-5.06E-04,0
,,,-5.06E-04,0,,,,,-5.06E-04,-4.00E-02
,,,-5.05E-04,0,,,,,-5.05E-04,0
,,,-5.05E-04,-2.00E-01,,,,,-5.05E-04,4.00E-02
,,,-5.04E-04,0,,,,,-5.04E-04,0
,,,-5.04E-04,-2.00E-01,,,,,-5.04E-04,4.00E-02
,,,-5.04E-04,0,,,,,-5.04E-04,0
,,,-5.03E-04,0,,,,,-5.03E-04,0
,,,-5.03E-04,-2.00E-01,,,,,-5.03E-04,0
,,,-5.02E-04,0,,,,,-5.02E-04,4.00E-02
,,,-5.02E-04,0,,,,,-5.02E-04,0
,,,-5.02E-04,0,,,,,-5.02E-04,0
,,,-5.01E-04,0,,,,,-5.01E-04,0
,,,-5.01E-04,0,,,,,-5.01E-04,0
,,,-5.00E-04,0,,,,,-5.00E-04,0
,,,-5.00E-04,-2.00E-01,,,,,-5.00E-04,0
,,,-5.00E-04,0,,,,,-5.00E-04,0
,,,-4.99E-04,0,,,,,-4.99E-04,0
,,,-4.99E-04,2.00E-01,,,,,-4.99E-04,-4.00E-02
,,,-4.98E-04,0,,,,,-4.98E-04,4.00E-02
,,,-4.98E-04,2.00E-01,,,,,-4.98E-04,0
,,,-4.98E-04,0,,,,,-4.98E-04,0
,,,-4.97E-04,2.00E-01,,,,,-4.97E-04,-4.00E-02
,,,-4.97E-04,-2.00E-01,,,,,-4.97E-04,-4.00E-02
,,,-4.96E-04,0,,,,,-4.96E-04,-4.00E-02
,,,-4.96E-04,2.00E-01,,,,,-4.96E-04,-4.00E-02
,,,-4.96E-04,-2.00E-01,,,,,-4.96E-04,-4.00E-02
,,,-4.95E-04,0,,,,,-4.95E-04,0
,,,-4.95E-04,0,,,,,-4.95E-04,-4.00E-02
,,,-4.94E-04,0,,,,,-4.94E-04,-4.00E-02
,,,-4.94E-04,2.00E-01,,,,,-4.94E-04,-4.00E-02
,,,-4.94E-04,0,,,,,-4.94E-04,4.00E-02
,,,-4.93E-04,0,,,,,-4.93E-04,0
,,,-4.93E-04,0,,,,,-4.93E-04,0
,,,-4.92E-04,0,,,,,-4.92E-04,-4.00E-02
,,,-4.92E-04,0,,,,,-4.92E-04,-4.00E-02
,,,-4.92E-04,-2.00E-01,,,,,-4.92E-04,-4.00E-02
,,,-4.91E-04,0,,,,,-4.91E-04,0
,,,-4.91E-04,0,,,,,-4.91E-04,-4.00E-02
,,,-4.90E-04,-2.00E-01,,,,,-4.90E-04,4.00E-02
,,,-4.90E-04,-2.00E-01,,,,,-4.90E-04,-4.00E-02
,,,-4.90E-04,2.00E-01,,,,,-4.90E-04,-4.00E-02
,,,-4.89E-04,0,,,,,-4.89E-04,-4.00E-02
,,,-4.89E-04,0,,,,,-4.89E-04,0
,,,-4.88E-04,0,,,,,-4.88E-04,0
,,,-4.88E-04,-2.00E-01,,,,,-4.88E-04,-4.00E-02
,,,-4.88E-04,0,,,,,-4.88E-04,-4.00E-02
,,,-4.87E-04,0,,,,,-4.87E-04,0
,,,-4.87E-04,0,,,,,-4.87E-04,0
,,,-4.86E-04,0,,,,,-4.86E-04,0
,,,-4.86E-04,0,,,,,-4.86E-04,-8.00E-02
,,,-4.86E-04,0,,,,,-4.86E-04,-1.20E-01
,,,-4.85E-04,2.00E-01,,,,,-4.85E-04,0
,,,-4.85E-04,0,,,,,-4.85E-04,4.00E-02
,,,-4.84E-04,2.00E-01,,,,,-4.84E-04,4.00E-02
,,,-4.84E-04,0,,,,,-4.84E-04,-4.00E-02
,,,-4.84E-04,0,,,,,-4.84E-04,0
,,,-4.83E-04,0,,,,,-4.83E-04,-4.00E-02
,,,-4.83E-04,0,,,,,-4.83E-04,0
,,,-4.82E-04,0,,,,,-4.82E-04,-4.00E-02
,,,-4.82E-04,0,,,,,-4.82E-04,4.00E-02
,,,-4.82E-04,0,,,,,-4.82E-04,-4.00E-02
,,,-4.81E-04,-2.00E-01,,,,,-4.81E-04,0
,,,-4.81E-04,-2.00E-01,,,,,-4.81E-04,-4.00E-02
,,,-4.80E-04,0,,,,,-4.80E-04,0
,,,-4.80E-04,-2.00E-01,,,,,-4.80E-04,0
,,,-4.80E-04,0,,,,,-4.80E-04,0
,,,-4.79E-04,-2.00E-01,,,,,-4.79E-04,0
,,,-4.79E-04,-2.00E-01,,,,,-4.79E-04,4.00E-02
,,,-4.78E-04,-2.00E-01,,,,,-4.78E-04,0
,,,-4.78E-04,0,,,,,-4.78E-04,4.00E-02
,,,-4.78E-04,-2.00E-01,,,,,-4.78E-04,0
,,,-4.77E-04,2.00E-01,,,,,-4.77E-04,0
,,,-4.77E-04,0,,,,,-4.77E-04,-4.00E-02
,,,-4.76E-04,0,,,,,-4.76E-04,0
,,,-4.76E-04,2.00E-01,,,,,-4.76E-04,0
,,,-4.76E-04,0,,,,,-4.76E-04,-4.00E-02
,,,-4.75E-04,-2.00E-01,,,,,-4.75E-04,0
,,,-4.75E-04,0,,,,,-4.75E-04,0
,,,-4.74E-04,0,,,,,-4.74E-04,0
,,,-4.74E-04,0,,,,,-4.74E-04,0
,,,-4.74E-04,0,,,,,-4.74E-04,-4.00E-02
,,,-4.73E-04,2.00E-01,,,,,-4.73E-04,-4.00E-02
,,,-4.73E-04,2.00E-01,,,,,-4.73E-04,-4.00E-02
,,,-4.72E-04,2.00E-01,,,,,-4.72E-04,-8.00E-02
,,,-4.72E-04,-2.00E-01,,,,,-4.72E-04,-4.00E-02
,,,-4.72E-04,2.00E-01,,,,,-4.72E-04,0
,,,-4.71E-04,-2.00E-01,,,,,-4.71E-04,-4.00E-02
,,,-4.71E-04,0,,,,,-4.71E-04,-4.00E-02
,,,-4.70E-04,2.00E-01,,,,,-4.70E-04,0
,,,-4.70E-04,0,,,,,-4.70E-04,0
,,,-4.70E-04,0,,,,,-4.70E-04,0
,,,-4.69E-04,2.00E-01,,,,,-4.69E-04,4.00E-02
,,,-4.69E-04,2.00E-01,,,,,-4.69E-04,4.00E-02
,,,-4.68E-04,2.00E-01,,,,,-4.68E-04,0
,,,-4.68E-04,0,,,,,-4.68E-04,-4.00E-02
,,,-4.68E-04,-2.00E-01,,,,,-4.68E-04,0
,,,-4.67E-04,0,,,,,-4.67E-04,0
,,,-4.67E-04,0,,,,,-4.67E-04,-8.00E-02
,,,-4.66E-04,0,,,,,-4.66E-04,0
,,,-4.66E-04,0,,,,,-4.66E-04,0
,,,-4.66E-04,2.00E-01,,,,,-4.66E-04,-4.00E-02
,,,-4.65E-04,-2.00E-01,,,,,-4.65E-04,0
,,,-4.65E-04,2.00E-01,,,,,-4.65E-04,4.00E-02
,,,-4.64E-04,0,,,,,-4.64E-04,0
,,,-4.64E-04,0,,,,,-4.64E-04,-4.00E-02
,,,-4.64E-04,-2.00E-01,,,,,-4.64E-04,0
,,,-4.63E-04,0,,,,,-4.63E-04,0
,,,-4.63E-04,0,,,,,-4.63E-04,-4.00E-02
,,,-4.62E-04,2.00E-01,,,,,-4.62E-04,0
,,,-4.62E-04,-2.00E-01,,,,,-4.62E-04,-4.00E-02
,,,-4.62E-04,0,,,,,-4.62E-04,-4.00E-02
,,,-4.61E-04,2.00E-01,,,,,-4.61E-04,-4.00E-02
,,,-4.61E-04,0,,,,,-4.61E-04,-8.00E-02
,,,-4.60E-04,-2.00E-01,,,,,-4.60E-04,-4.00E-02
,,,-4.60E-04,-2.00E-01,,,,,-4.60E-04,0
,,,-4.60E-04,-2.00E-01,,,,,-4.60E-04,0
,,,-4.59E-04,-2.00E-01,,,,,-4.59E-04,0
,,,-4.59E-04,-2.00E-01,,,,,-4.59E-04,0
,,,-4.58E-04,2.00E-01,,,,,-4.58E-04,0
,,,-4.58E-04,0,,,,,-4.58E-04,0
,,,-4.58E-04,2.00E-01,,,,,-4.58E-04,0
,,,-4.57E-04,0,,,,,-4.57E-04,0
,,,-4.57E-04,0,,,,,-4.57E-04,0
,,,-4.56E-04,0,,,,,-4.56E-04,0
,,,-4.56E-04,0,,,,,-4.56E-04,-4.00E-02
,,,-4.56E-04,-2.00E-01,,,,,-4.56E-04,-4.00E-02
,,,-4.55E-04,-2.00E-01,,,,,-4.55E-04,-4.00E-02
,,,-4.55E-04,0,,,,,-4.55E-04,0
,,,-4.54E-04,0,,,,,-4.54E-04,4.00E-02
,,,-4.54E-04,0,,,,,-4.54E-04,4.00E-02
,,,-4.54E-04,0,,,,,-4.54E-04,0
,,,-4.53E-04,0,,,,,-4.53E-04,-4.00E-02
,,,-4.53E-04,0,,,,,-4.53E-04,-4.00E-02
,,,-4.52E-04,2.00E-01,,,,,-4.52E-04,-4.00E-02
,,,-4.52E-04,0,,,,,-4.52E-04,-8.00E-02
,,,-4.52E-04,-2.00E-01,,,,,-4.52E-04,0
,,,-4.51E-04,-2.00E-01,,,,,-4.51E-04,-4.00E-02
,,,-4.51E-04,0,,,,,-4.51E-04,-4.00E-02
,,,-4.50E-04,2.00E-01,,,,,-4.50E-04,0
,,,-4.50E-04,0,,,,,-4.50E-04,-4.00E-02
,,,-4.50E-04,0,,,,,-4.50E-04,-4.00E-02
,,,-4.49E-04,2.00E-01,,,,,-4.49E-04,0
,,,-4.49E-04,-2.00E-01,,,,,-4.49E-04,0
,,,-4.48E-04,0,,,,,-4.48E-04,0
,,,-4.48E-04,-2.00E-01,,,,,-4.48E-04,-4.00E-02
,,,-4.48E-04,0,,,,,-4.48E-04,0
,,,-4.47E-04,-2.00E-01,,,,,-4.47E-04,0
,,,-4.47E-04,2.00E-01,,,,,-4.47E-04,4.00E-02
,,,-4.46E-04,2.00E-01,,,,,-4.46E-04,4.00E-02
,,,-4.46E-04,0,,,,,-4.46E-04,-8.00E-02
,,,-4.46E-04,2.00E-01,,,,,-4.46E-04,0
,,,-4.45E-04,2.00E-01,,,,,-4.45E-04,0
,,,-4.45E-04,0,,,,,-4.45E-04,4.00E-02
,,,-4.44E-04,0,,,,,-4.44E-04,4.00E-02
,,,-4.44E-04,0,,,,,-4.44E-04,0
,,,-4.44E-04,0,,,,,-4.44E-04,0
,,,-4.43E-04,-2.00E-01,,,,,-4.43E-04,4.00E-02
,,,-4.43E-04,-2.00E-01,,,,,-4.43E-04,-4.00E-02
,,,-4.42E-04,0,,,,,-4.42E-04,4.00E-02
,,,-4.42E-04,-2.00E-01,,,,,-4.42E-04,-4.00E-02
,,,-4.42E-04,0,,,,,-4.42E-04,-4.00E-02
,,,-4.41E-04,-2.00E-01,,,,,-4.41E-04,0
,,,-4.41E-04,0,,,,,-4.41E-04,4.00E-02
,,,-4.40E-04,0,,,,,-4.40E-04,0
,,,-4.40E-04,0,,,,,-4.40E-04,0
,,,-4.40E-04,-2.00E-01,,,,,-4.40E-04,-4.00E-02
,,,-4.39E-04,-2.00E-01,,,,,-4.39E-04,0
,,,-4.39E-04,-2.00E-01,,,,,-4.39E-04,4.00E-02
,,,-4.38E-04,2.00E-01,,,,,-4.38E-04,0
,,,-4.38E-04,-2.00E-01,,,,,-4.38E-04,0
,,,-4.38E-04,0,,,,,-4.38E-04,0
,,,-4.37E-04,0,,,,,-4.37E-04,-4.00E-02
,,,-4.37E-04,0,,,,,-4.37E-04,0
,,,-4.36E-04,0,,,,,-4.36E-04,0
,,,-4.36E-04,2.00E-01,,,,,-4.36E-04,0
,,,-4.36E-04,0,,,,,-4.36E-04,-4.00E-02
,,,-4.35E-04,0,,,,,-4.35E-04,0
,,,-4.35E-04,0,,,,,-4.35E-04,0
,,,-4.34E-04,0,,,,,-4.34E-04,-4.00E-02
,,,-4.34E-04,0,,,,,-4.34E-04,0
,,,-4.34E-04,-2.00E-01,,,,,-4.34E-04,-4.00E-02
,,,-4.33E-04,-2.00E-01,,,,,-4.33E-04,0
,,,-4.33E-04,0,,,,,-4.33E-04,-4.00E-02
,,,-4.32E-04,-2.00E-01,,,,,-4.32E-04,-4.00E-02
,,,-4.32E-04,2.00E-01,,,,,-4.32E-04,-4.00E-02
,,,-4.32E-04,0,,,,,-4.32E-04,0
,,,-4.31E-04,0,,,,,-4.31E-04,-4.00E-02
,,,-4.31E-04,0,,,,,-4.31E-04,-4.00E-02
,,,-4.30E-04,2.00E-01,,,,,-4.30E-04,0
,,,-4.30E-04,0,,,,,-4.30E-04,0
,,,-4.30E-04,2.00E-01,,,,,-4.30E-04,-4.00E-02
,,,-4.29E-04,0,,,,,-4.29E-04,-4.00E-02
,,,-4.29E-04,0,,,,,-4.29E-04,-4.00E-02
,,,-4.28E-04,0,,,,,-4.28E-04,-8.00E-02
,,,-4.28E-04,0,,,,,-4.28E-04,0
,,,-4.28E-04,2.00E-01,,,,,-4.28E-04,-4.00E-02
,,,-4.27E-04,0,,,,,-4.27E-04,-8.00E-02
,,,-4.27E-04,0,,,,,-4.27E-04,0
,,,-4.26E-04,0,,,,,-4.26E-04,-4.00E-02
,,,-4.26E-04,2.00E-01,,,,,-4.26E-04,4.00E-02
,,,-4.26E-04,0,,,,,-4.26E-04,4.00E-02
,,,-4.25E-04,0,,,,,-4.25E-04,4.00E-02
,,,-4.25E-04,0,,,,,-4.25E-04,-4.00E-02
,,,-4.24E-04,0,,,,,-4.24E-04,0
,,,-4.24E-04,0,,,,,-4.24E-04,4.00E-02
,,,-4.24E-04,0,,,,,-4.24E-04,0
,,,-4.23E-04,0,,,,,-4.23E-04,0
,,,-4.23E-04,0,,,,,-4.23E-04,0
,,,-4.22E-04,0,,,,,-4.22E-04,0
,,,-4.22E-04,2.00E-01,,,,,-4.22E-04,-4.00E-02
,,,-4.22E-04,0,,,,,-4.22E-04,-4.00E-02
,,,-4.21E-04,0,,,,,-4.21E-04,-4.00E-02
,,,-4.21E-04,0,,,,,-4.21E-04,-4.00E-02
,,,-4.20E-04,0,,,,,-4.20E-04,0
,,,-4.20E-04,-2.00E-01,,,,,-4.20E-04,-4.00E-02
,,,-4.20E-04,2.00E-01,,,,,-4.20E-04,-4.00E-02
,,,-4.19E-04,0,,,,,-4.19E-04,4.00E-02
,,,-4.19E-04,2.00E-01,,,,,-4.19E-04,4.00E-02
,,,-4.18E-04,0,,,,,-4.18E-04,-4.00E-02
,,,-4.18E-04,0,,,,,-4.18E-04,-4.00E-02
,,,-4.18E-04,-2.00E-01,,,,,-4.18E-04,-4.00E-02
,,,-4.17E-04,0,,,,,-4.17E-04,0
,,,-4.17E-04,0,,,,,-4.17E-04,-4.00E-02
,,,-4.16E-04,0,,,,,-4.16E-04,-4.00E-02
,,,-4.16E-04,-2.00E-01,,,,,-4.16E-04,0
,,,-4.16E-04,0,,,,,-4.16E-04,0
,,,-4.15E-04,-2.00E-01,,,,,-4.15E-04,0
,,,-4.15E-04,0,,,,,-4.15E-04,0
,,,-4.14E-04,0,,,,,-4.14E-04,4.00E-02
,,,-4.14E-04,0,,,,,-4.14E-04,0
,,,-4.14E-04,0,,,,,-4.14E-04,0
,,,-4.13E-04,0,,,,,-4.13E-04,-4.00E-02
,,,-4.13E-04,0,,,,,-4.13E-04,-4.00E-02
,,,-4.12E-04,0,,,,,-4.12E-04,-4.00E-02
,,,-4.12E-04,-2.00E-01,,,,,-4.12E-04,0
,,,-4.12E-04,0,,,,,-4.12E-04,0
,,,-4.11E-04,0,,,,,-4.11E-04,0
,,,-4.11E-04,0,,,,,-4.11E-04,0
,,,-4.10E-04,0,,,,,-4.10E-04,-4.00E-02
,,,-4.10E-04,0,,,,,-4.10E-04,-4.00E-02
,,,-4.10E-04,0,,,,,-4.10E-04,4.00E-02
,,,-4.09E-04,0,,,,,-4.09E-04,0
,,,-4.09E-04,0,,,,,-4.09E-04,-4.00E-02
,,,-4.08E-04,-2.00E-01,,,,,-4.08E-04,0
,,,-4.08E-04,0,,,,,-4.08E-04,0
,,,-4.08E-04,-2.00E-01,,,,,-4.08E-04,0
,,,-4.07E-04,0,,,,,-4.07E-04,0
,,,-4.07E-04,2.00E-01,,,,,-4.07E-04,-4.00E-02
,,,-4.06E-04,0,,,,,-4.06E-04,-4.00E-02
,,,-4.06E-04,0,,,,,-4.06E-04,0
,,,-4.06E-04,-2.00E-01,,,,,-4.06E-04,0
,,,-4.05E-04,0,,,,,-4.05E-04,0
,,,-4.05E-04,-2.00E-01,,,,,-4.05E-04,-4.00E-02
,,,-4.04E-04,0,,,,,-4.04E-04,0
,,,-4.04E-04,0,,,,,-4.04E-04,-4.00E-02
,,,-4.04E-04,-2.00E-01,,,,,-4.04E-04,-4.00E-02
,,,-4.03E-04,0,,,,,-4.03E-04,-4.00E-02
,,,-4.03E-04,0,,,,,-4.03E-04,0
,,,-4.02E-04,2.00E-01,,,,,-4.02E-04,0
,,,-4.02E-04,0,,,,,-4.02E-04,-4.00E-02
,,,-4.02E-04,0,,,,,-4.02E-04,-8.00E-02
,,,-4.01E-04,0,,,,,-4.01E-04,0
,,,-4.01E-04,0,,,,,-4.01E-04,0
,,,-4.00E-04,-2.00E-01,,,,,-4.00E-04,0
,,,-4.00E-04,-2.00E-01,,,,,-4.00E-04,-4.00E-02
,,,-4.00E-04,0,,,,,-4.00E-04,-4.00E-02
,,,-3.99E-04,-2.00E-01,,,,,-3.99E-04,-4.00E-02
,,,-3.99E-04,0,,,,,-3.99E-04,4.00E-02
,,,-3.98E-04,2.00E-01,,,,,-3.98E-04,-4.00E-02
,,,-3.98E-04,0,,,,,-3.98E-04,0
,,,-3.98E-04,-2.00E-01,,,,,-3.98E-04,-4.00E-02
,,,-3.97E-04,0,,,,,-3.97E-04,-4.00E-02
,,,-3.97E-04,-2.00E-01,,,,,-3.97E-04,0
,,,-3.96E-04,2.00E-01,,,,,-3.96E-04,-4.00E-02
,,,-3.96E-04,-2.00E-01,,,,,-3.96E-04,0
,,,-3.96E-04,0,,,,,-3.96E-04,0
,,,-3.95E-04,0,,,,,-3.95E-04,-4.00E-02
,,,-3.95E-04,0,,,,,-3.95E-04,0
,,,-3.94E-04,2.00E-01,,,,,-3.94E-04,0
,,,-3.94E-04,-2.00E-01,,,,,-3.94E-04,0
,,,-3.94E-04,-2.00E-01,,,,,-3.94E-04,-4.00E-02
,,,-3.93E-04,-2.00E-01,,,,,-3.93E-04,-8.00E-02
,,,-3.93E-04,0,,,,,-3.93E-04,4.00E-02
,,,-3.92E-04,-2.00E-01,,,,,-3.92E-04,0
,,,-3.92E-04,0,,,,,-3.92E-04,0
,,,-3.92E-04,-2.00E-01,,,,,-3.92E-04,-8.00E-02
,,,-3.91E-04,-2.00E-01,,,,,-3.91E-04,0
,,,-3.91E-04,0,,,,,-3.91E-04,-4.00E-02
,,,-3.90E-04,2.00E-01,,,,,-3.90E-04,4.00E-02
,,,-3.90E-04,0,,,,,-3.90E-04,0
,,,-3.90E-04,-2.00E-01,,,,,-3.90E-04,0
,,,-3.89E-04,-2.00E-01,,,,,-3.89E-04,0
,,,-3.89E-04,2.00E-01,,,,,-3.89E-04,-4.00E-02
,,,-3.88E-04,0,,,,,-3.88E-04,0
,,,-3.88E-04,0,,,,,-3.88E-04,0
,,,-3.88E-04,0,,,,,-3.88E-04,0
,,,-3.87E-04,0,,,,,-3.87E-04,0
,,,-3.87E-04,0,,,,,-3.87E-04,0
,,,-3.86E-04,2.00E-01,,,,,-3.86E-04,4.00E-02
,,,-3.86E-04,0,,,,,-3.86E-04,4.00E-02
,,,-3.86E-04,0,,,,,-3.86E-04,0
,,,-3.85E-04,-2.00E-01,,,,,-3.85E-04,4.00E-02
,,,-3.85E-04,0,,,,,-3.85E-04,0
,,,-3.84E-04,-2.00E-01,,,,,-3.84E-04,0
,,,-3.84E-04,0,,,,,-3.84E-04,4.00E-02
,,,-3.84E-04,2.00E-01,,,,,-3.84E-04,0
,,,-3.83E-04,2.00E-01,,,,,-3.83E-04,-4.00E-02
,,,-3.83E-04,0,,,,,-3.83E-04,-4.00E-02
,,,-3.82E-04,0,,,,,-3.82E-04,0
,,,-3.82E-04,0,,,,,-3.82E-04,0
,,,-3.82E-04,0,,,,,-3.82E-04,0
,,,-3.81E-04,2.00E-01,,,,,-3.81E-04,4.00E-02
,,,-3.81E-04,0,,,,,-3.81E-04,0
,,,-3.80E-04,0,,,,,-3.80E-04,0
,,,-3.80E-04,0,,,,,-3.80E-04,4.00E-02
,,,-3.80E-04,0,,,,,-3.80E-04,4.00E-02
,,,-3.79E-04,0,,,,,-3.79E-04,0
,,,-3.79E-04,0,,,,,-3.79E-04,-8.00E-02
,,,-3.78E-04,0,,,,,-3.78E-04,-4.00E-02
,,,-3.78E-04,0,,,,,-3.78E-04,0
,,,-3.78E-04,-2.00E-01,,,,,-3.78E-04,-4.00E-02
,,,-3.77E-04,0,,,,,-3.77E-04,-4.00E-02
,,,-3.77E-04,-2.00E-01,,,,,-3.77E-04,-4.00E-02
,,,-3.76E-04,0,,,,,-3.76E-04,-4.00E-02
,,,-3.76E-04,0,,,,,-3.76E-04,0
,,,-3.76E-04,0,,,,,-3.76E-04,0
,,,-3.75E-04,0,,,,,-3.75E-04,0
,,,-3.75E-04,0,,,,,-3.75E-04,4.00E-02
,,,-3.74E-04,0,,,,,-3.74E-04,-4.00E-02
,,,-3.74E-04,-2.00E-01,,,,,-3.74E-04,0
,,,-3.74E-04,0,,,,,-3.74E-04,-4.00E-02
,,,-3.73E-04,2.00E-01,,,,,-3.73E-04,0
,,,-3.73E-04,-2.00E-01,,,,,-3.73E-04,-4.00E-02
,,,-3.72E-04,0,,,,,-3.72E-04,0
,,,-3.72E-04,2.00E-01,,,,,-3.72E-04,-8.00E-02
,,,-3.72E-04,0,,,,,-3.72E-04,0
,,,-3.71E-04,-2.00E-01,,,,,-3.71E-04,-4.00E-02
,,,-3.71E-04,0,,,,,-3.71E-04,0
,,,-3.70E-04,0,,,,,-3.70E-04,-4.00E-02
,,,-3.70E-04,2.00E-01,,,,,-3.70E-04,0
,,,-3.70E-04,-2.00E-01,,,,,-3.70E-04,-4.00E-02
,,,-3.69E-04,0,,,,,-3.69E-04,0
,,,-3.69E-04,-2.00E-01,,,,,-3.69E-04,-8.00E-02
,,,-3.68E-04,0,,,,,-3.68E-04,0
,,,-3.68E-04,-4.00E-01,,,,,-3.68E-04,-4.00E-02
,,,-3.68E-04,0,,,,,-3.68E-04,0
,,,-3.67E-04,2.00E-01,,,,,-3.67E-04,0
,,,-3.67E-04,0,,,,,-3.67E-04,-8.00E-02
,,,-3.66E-04,2.00E-01,,,,,-3.66E-04,0
,,,-3.66E-04,0,,,,,-3.66E-04,-4.00E-02
,,,-3.66E-04,0,,,,,-3.66E-04,0
,,,-3.65E-04,2.00E-01,,,,,-3.65E-04,0
,,,-3.65E-04,0,,,,,-3.65E-04,-4.00E-02
,,,-3.64E-04,-2.00E-01,,,,,-3.64E-04,-4.00E-02
,,,-3.64E-04,0,,,,,-3.64E-04,-4.00E-02
,,,-3.64E-04,0,,,,,-3.64E-04,-4.00E-02
,,,-3.63E-04,0,,,,,-3.63E-04,-4.00E-02
,,,-3.63E-04,-2.00E-01,,,,,-3.63E-04,-4.00E-02
,,,-3.62E-04,0,,,,,-3.62E-04,-4.00E-02
,,,-3.62E-04,-2.00E-01,,,,,-3.62E-04,-4.00E-02
,,,-3.62E-04,0,,,,,-3.62E-04,4.00E-02
,,,-3.61E-04,-2.00E-01,,,,,-3.61E-04,-4.00E-02
,,,-3.61E-04,0,,,,,-3.61E-04,-4.00E-02
,,,-3.60E-04,-2.00E-01,,,,,-3.60E-04,-4.00E-02
,,,-3.60E-04,2.00E-01,,,,,-3.60E-04,4.00E-02
,,,-3.60E-04,-2.00E-01,,,,,-3.60E-04,0
,,,-3.59E-04,0,,,,,-3.59E-04,4.00E-02
,,,-3.59E-04,-2.00E-01,,,,,-3.59E-04,-4.00E-02
,,,-3.58E-04,0,,,,,-3.58E-04,0
,,,-3.58E-04,-2.00E-01,,,,,-3.58E-04,0
,,,-3.58E-04,0,,,,,-3.58E-04,-8.00E-02
,,,-3.57E-04,-2.00E-01,,,,,-3.57E-04,-4.00E-02
,,,-3.57E-04,0,,,,,-3.57E-04,4.00E-02
,,,-3.56E-04,0,,,,,-3.56E-04,0
,,,-3.56E-04,0,,,,,-3.56E-04,0
,,,-3.56E-04,0,,,,,-3.56E-04,0
,,,-3.55E-04,0,,,,,-3.55E-04,0
,,,-3.55E-04,0,,,,,-3.55E-04,0
,,,-3.54E-04,0,,,,,-3.54E-04,0
,,,-3.54E-04,0,,,,,-3.54E-04,0
,,,-3.54E-04,0,,,,,-3.54E-04,-4.00E-02
,,,-3.53E-04,0,,,,,-3.53E-04,0
,,,-3.53E-04,-2.00E-01,,,,,-3.53E-04,4.00E-02
,,,-3.52E-04,0,,,,,-3.52E-04,0
,,,-3.52E-04,0,,,,,-3.52E-04,0
,,,-3.52E-04,0,,,,,-3.52E-04,0
,,,-3.51E-04,0,,,,,-3.51E-04,0
,,,-3.51E-04,0,,,,,-3.51E-04,0
,,,-3.50E-04,0,,,,,-3.50E-04,0
,,,-3.50E-04,0,,,,,-3.50E-04,0
,,,-3.50E-04,0,,,,,-3.50E-04,0
,,,-3.49E-04,-2.00E-01,,,,,-3.49E-04,-4.00E-02
,,,-3.49E-04,0,,,,,-3.49E-04,4.00E-02
,,,-3.48E-04,-2.00E-01,,,,,-3.48E-04,0
,,,-3.48E-04,-2.00E-01,,,,,-3.48E-04,-4.00E-02
,,,-3.48E-04,2.00E-01,,,,,-3.48E-04,0
,,,-3.47E-04,2.00E-01,,,,,-3.47E-04,0
,,,-3.47E-04,0,,,,,-3.47E-04,4.00E-02
,,,-3.46E-04,-2.00E-01,,,,,-3.46E-04,0
,,,-3.46E-04,0,,,,,-3.46E-04,0
,,,-3.46E-04,0,,,,,-3.46E-04,0
,,,-3.45E-04,2.00E-01,,,,,-3.45E-04,-4.00E-02
,,,-3.45E-04,-2.00E-01,,,,,-3.45E-04,0
,,,-3.44E-04,0,,,,,-3.44E-04,0
,,,-3.44E-04,0,,,,,-3.44E-04,0
,,,-3.44E-04,0,,,,,-3.44E-04,-4.00E-02
,,,-3.43E-04,0,,,,,-3.43E-04,-4.00E-02
,,,-3.43E-04,0,,,,,-3.43E-04,0
,,,-3.42E-04,0,,,,,-3.42E-04,-4.00E-02
,,,-3.42E-04,-2.00E-01,,,,,-3.42E-04,-4.00E-02
,,,-3.42E-04,0,,,,,-3.42E-04,-4.00E-02
,,,-3.41E-04,0,,,,,-3.41E-04,-4.00E-02
,,,-3.41E-04,0,,,,,-3.41E-04,0
,,,-3.40E-04,0,,,,,-3.40E-04,-4.00E-02
,,,-3.40E-04,-2.00E-01,,,,,-3.40E-04,4.00E-02
,,,-3.40E-04,2.00E-01,,,,,-3.40E-04,0
,,,-3.39E-04,0,,,,,-3.39E-04,-8.00E-02
,,,-3.39E-04,0,,,,,-3.39E-04,-4.00E-02
,,,-3.38E-04,0,,,,,-3.38E-04,0
,,,-3.38E-04,0,,,,,-3.38E-04,-4.00E-02
,,,-3.38E-04,0,,,,,-3.38E-04,0
,,,-3.37E-04,0,,,,,-3.37E-04,-4.00E-02
,,,-3.37E-04,0,,,,,-3.37E-04,0
,,,-3.36E-04,-2.00E-01,,,,,-3.36E-04,0
,,,-3.36E-04,0,,,,,-3.36E-04,-4.00E-02
,,,-3.36E-04,-2.00E-01,,,,,-3.36E-04,-4.00E-02
,,,-3.35E-04,-2.00E-01,,,,,-3.35E-04,0
,,,-3.35E-04,2.00E-01,,,,,-3.35E-04,-4.00E-02
,,,-3.34E-04,0,,,,,-3.34E-04,0
,,,-3.34E-04,0,,,,,-3.34E-04,0
,,,-3.34E-04,0,,,,,-3.34E-04,0
,,,-3.33E-04,0,,,,,-3.33E-04,-4.00E-02
,,,-3.33E-04,-2.00E-01,,,,,-3.33E-04,0
,,,-3.32E-04,0,,,,,-3.32E-04,-4.00E-02
,,,-3.32E-04,2.00E-01,,,,,-3.32E-04,0
,,,-3.32E-04,0,,,,,-3.32E-04,-4.00E-02
,,,-3.31E-04,0,,,,,-3.31E-04,-8.00E-02
,,,-3.31E-04,0,,,,,-3.31E-04,-4.00E-02
,,,-3.30E-04,0,,,,,-3.30E-04,0
,,,-3.30E-04,-2.00E-01,,,,,-3.30E-04,0
,,,-3.30E-04,2.00E-01,,,,,-3.30E-04,0
,,,-3.29E-04,-2.00E-01,,,,,-3.29E-04,0
,,,-3.29E-04,0,,,,,-3.29E-04,0
,,,-3.28E-04,-4.00E-01,,,,,-3.28E-04,0
,,,-3.28E-04,0,,,,,-3.28E-04,-4.00E-02
,,,-3.28E-04,2.00E-01,,,,,-3.28E-04,0
,,,-3.27E-04,0,,,,,-3.27E-04,-4.00E-02
,,,-3.27E-04,0,,,,,-3.27E-04,0
,,,-3.26E-04,0,,,,,-3.26E-04,0
,,,-3.26E-04,0,,,,,-3.26E-04,4.00E-02
,,,-3.26E-04,0,,,,,-3.26E-04,4.00E-02
,,,-3.25E-04,-2.00E-01,,,,,-3.25E-04,0
,,,-3.25E-04,0,,,,,-3.25E-04,0
,,,-3.24E-04,-2.00E-01,,,,,-3.24E-04,4.00E-02
,,,-3.24E-04,0,,,,,-3.24E-04,0
,,,-3.24E-04,2.00E-01,,,,,-3.24E-04,4.00E-02
,,,-3.23E-04,-2.00E-01,,,,,-3.23E-04,0
,,,-3.23E-04,0,,,,,-3.23E-04,0
,,,-3.22E-04,-4.00E-01,,,,,-3.22E-04,-4.00E-02
,,,-3.22E-04,0,,,,,-3.22E-04,4.00E-02
,,,-3.22E-04,2.00E-01,,,,,-3.22E-04,0
,,,-3.21E-04,0,,,,,-3.21E-04,0
,,,-3.21E-04,-2.00E-01,,,,,-3.21E-04,0
,,,-3.20E-04,2.00E-01,,,,,-3.20E-04,4.00E-02
,,,-3.20E-04,-2.00E-01,,,,,-3.20E-04,0
,,,-3.20E-04,0,,,,,-3.20E-04,0
,,,-3.19E-04,0,,,,,-3.19E-04,0
,,,-3.19E-04,0,,,,,-3.19E-04,0
,,,-3.18E-04,0,,,,,-3.18E-04,-4.00E-02
,,,-3.18E-04,0,,,,,-3.18E-04,0
,,,-3.18E-04,-2.00E-01,,,,,-3.18E-04,0
,,,-3.17E-04,2.00E-01,,,,,-3.17E-04,4.00E-02
,,,-3.17E-04,0,,,,,-3.17E-04,4.00E-02
,,,-3.16E-04,0,,,,,-3.16E-04,0
,,,-3.16E-04,0,,,,,-3.16E-04,0
,,,-3.16E-04,0,,,,,-3.16E-04,0
,,,-3.15E-04,-2.00E-01,,,,,-3.15E-04,0
,,,-3.15E-04,-2.00E-01,,,,,-3.15E-04,4.00E-02
,,,-3.14E-04,-2.00E-01,,,,,-3.14E-04,-4.00E-02
,,,-3.14E-04,0,,,,,-3.14E-04,-4.00E-02
,,,-3.14E-04,-2.00E-01,,,,,-3.14E-04,-4.00E-02
,,,-3.13E-04,0,,,,,-3.13E-04,0
,,,-3.13E-04,0,,,,,-3.13E-04,0
,,,-3.12E-04,-2.00E-01,,,,,-3.12E-04,0
,,,-3.12E-04,0,,,,,-3.12E-04,-4.00E-02
,,,-3.12E-04,2.00E-01,,,,,-3.12E-04,-4.00E-02
,,,-3.11E-04,2.00E-01,,,,,-3.11E-04,-4.00E-02
,,,-3.11E-04,0,,,,,-3.11E-04,0
,,,-3.10E-04,0,,,,,-3.10E-04,4.00E-02
,,,-3.10E-04,0,,,,,-3.10E-04,-4.00E-02
,,,-3.10E-04,0,,,,,-3.10E-04,-4.00E-02
,,,-3.09E-04,-2.00E-01,,,,,-3.09E-04,0
,,,-3.09E-04,2.00E-01,,,,,-3.09E-04,4.00E-02
,,,-3.08E-04,0,,,,,-3.08E-04,-4.00E-02
,,,-3.08E-04,2.00E-01,,,,,-3.08E-04,-4.00E-02
,,,-3.08E-04,-2.00E-01,,,,,-3.08E-04,-4.00E-02
,,,-3.07E-04,0,,,,,-3.07E-04,-4.00E-02
,,,-3.07E-04,0,,,,,-3.07E-04,0
,,,-3.06E-04,0,,,,,-3.06E-04,-4.00E-02
,,,-3.06E-04,0,,,,,-3.06E-04,0
,,,-3.06E-04,0,,,,,-3.06E-04,-4.00E-02
,,,-3.05E-04,0,,,,,-3.05E-04,-4.00E-02
,,,-3.05E-04,0,,,,,-3.05E-04,-4.00E-02
,,,-3.04E-04,0,,,,,-3.04E-04,-8.00E-02
,,,-3.04E-04,2.00E-01,,,,,-3.04E-04,-4.00E-02
,,,-3.04E-04,-2.00E-01,,,,,-3.04E-04,0
,,,-3.03E-04,0,,,,,-3.03E-04,-4.00E-02
,,,-3.03E-04,0,,,,,-3.03E-04,-4.00E-02
,,,-3.02E-04,0,,,,,-3.02E-04,-4.00E-02
,,,-3.02E-04,0,,,,,-3.02E-04,0
,,,-3.02E-04,-2.00E-01,,,,,-3.02E-04,4.00E-02
,,,-3.01E-04,-2.00E-01,,,,,-3.01E-04,-8.00E-02
,,,-3.01E-04,2.00E-01,,,,,-3.01E-04,0
,,,-3.00E-04,0,,,,,-3.00E-04,4.00E-02
,,,-3.00E-04,2.00E-01,,,,,-3.00E-04,0
,,,-3.00E-04,2.00E-01,,,,,-3.00E-04,-4.00E-02
,,,-2.99E-04,-2.00E-01,,,,,-2.99E-04,-8.00E-02
,,,-2.99E-04,0,,,,,-2.99E-04,0
,,,-2.98E-04,-2.00E-01,,,,,-2.98E-04,-4.00E-02
,,,-2.98E-04,0,,,,,-2.98E-04,0
,,,-2.98E-04,0,,,,,-2.98E-04,-4.00E-02
,,,-2.97E-04,0,,,,,-2.97E-04,-4.00E-02
,,,-2.97E-04,0,,,,,-2.97E-04,0
,,,-2.96E-04,0,,,,,-2.96E-04,0
,,,-2.96E-04,0,,,,,-2.96E-04,-4.00E-02
,,,-2.96E-04,0,,,,,-2.96E-04,8.00E-02
,,,-2.95E-04,0,,,,,-2.95E-04,0
,,,-2.95E-04,-2.00E-01,,,,,-2.95E-04,-4.00E-02
,,,-2.94E-04,-2.00E-01,,,,,-2.94E-04,-4.00E-02
,,,-2.94E-04,0,,,,,-2.94E-04,0
,,,-2.94E-04,0,,,,,-2.94E-04,-4.00E-02
,,,-2.93E-04,0,,,,,-2.93E-04,4.00E-02
,,,-2.93E-04,0,,,,,-2.93E-04,0
,,,-2.92E-04,0,,,,,-2.92E-04,0
,,,-2.92E-04,0,,,,,-2.92E-04,0
,,,-2.92E-04,0,,,,,-2.92E-04,0
,,,-2.91E-04,2.00E-01,,,,,-2.91E-04,0
,,,-2.91E-04,2.00E-01,,,,,-2.91E-04,0
,,,-2.90E-04,2.00E-01,,,,,-2.90E-04,-4.00E-02
,,,-2.90E-04,0,,,,,-2.90E-04,0
,,,-2.90E-04,-2.00E-01,,,,,-2.90E-04,0
,,,-2.89E-04,2.00E-01,,,,,-2.89E-04,0
,,,-2.89E-04,-4.00E-01,,,,,-2.89E-04,0
,,,-2.88E-04,0,,,,,-2.88E-04,4.00E-02
,,,-2.88E-04,0,,,,,-2.88E-04,-4.00E-02
,,,-2.88E-04,0,,,,,-2.88E-04,0
,,,-2.87E-04,0,,,,,-2.87E-04,0
,,,-2.87E-04,0,,,,,-2.87E-04,0
,,,-2.86E-04,0,,,,,-2.86E-04,0
,,,-2.86E-04,0,,,,,-2.86E-04,4.00E-02
,,,-2.86E-04,2.00E-01,,,,,-2.86E-04,0
,,,-2.85E-04,0,,,,,-2.85E-04,0
,,,-2.85E-04,0,,,,,-2.85E-04,-4.00E-02
,,,-2.84E-04,0,,,,,-2.84E-04,-4.00E-02
,,,-2.84E-04,-2.00E-01,,,,,-2.84E-04,4.00E-02
,,,-2.84E-04,0,,,,,-2.84E-04,-4.00E-02
,,,-2.83E-04,0,,,,,-2.83E-04,-4.00E-02
,,,-2.83E-04,0,,,,,-2.83E-04,-4.00E-02
,,,-2.82E-04,0,,,,,-2.82E-04,4.00E-02
,,,-2.82E-04,0,,,,,-2.82E-04,-4.00E-02
,,,-2.82E-04,-2.00E-01,,,,,-2.82E-04,4.00E-02
,,,-2.81E-04,0,,,,,-2.81E-04,0
,,,-2.81E-04,2.00E-01,,,,,-2.81E-04,4.00E-02
,,,-2.80E-04,0,,,,,-2.80E-04,-4.00E-02
,,,-2.80E-04,-2.00E-01,,,,,-2.80E-04,0
,,,-2.80E-04,-2.00E-01,,,,,-2.80E-04,0
,,,-2.79E-04,-2.00E-01,,,,,-2.79E-04,0
,,,-2.79E-04,0,,,,,-2.79E-04,0
,,,-2.78E-04,0,,,,,-2.78E-04,0
,,,-2.78E-04,2.00E-01,,,,,-2.78E-04,0
,,,-2.78E-04,2.00E-01,,,,,-2.78E-04,4.00E-02
,,,-2.77E-04,0,,,,,-2.77E-04,4.00E-02
,,,-2.77E-04,0,,,,,-2.77E-04,0
,,,-2.76E-04,-4.00E-01,,,,,-2.76E-04,0
,,,-2.76E-04,0,,,,,-2.76E-04,0
,,,-2.76E-04,0,,,,,-2.76E-04,0
,,,-2.75E-04,-2.00E-01,,,,,-2.75E-04,-4.00E-02
,,,-2.75E-04,-2.00E-01,,,,,-2.75E-04,-4.00E-02
,,,-2.74E-04,0,,,,,-2.74E-04,-4.00E-02
,,,-2.74E-04,-2.00E-01,,,,,-2.74E-04,0
,,,-2.74E-04,0,,,,,-2.74E-04,-4.00E-02
,,,-2.73E-04,-2.00E-01,,,,,-2.73E-04,4.00E-02
,,,-2.73E-04,2.00E-01,,,,,-2.73E-04,0
,,,-2.72E-04,0,,,,,-2.72E-04,4.00E-02
,,,-2.72E-04,2.00E-01,,,,,-2.72E-04,0
,,,-2.72E-04,0,,,,,-2.72E-04,0
,,,-2.71E-04,0,,,,,-2.71E-04,0
,,,-2.71E-04,-2.00E-01,,,,,-2.71E-04,0
,,,-2.70E-04,-2.00E-01,,,,,-2.70E-04,-4.00E-02
,,,-2.70E-04,0,,,,,-2.70E-04,-4.00E-02
,,,-2.70E-04,-2.00E-01,,,,,-2.70E-04,4.00E-02
,,,-2.69E-04,0,,,,,-2.69E-04,0
,,,-2.69E-04,0,,,,,-2.69E-04,-8.00E-02
,,,-2.68E-04,2.00E-01,,,,,-2.68E-04,0
,,,-2.68E-04,-2.00E-01,,,,,-2.68E-04,-4.00E-02
,,,-2.68E-04,0,,,,,-2.68E-04,0
,,,-2.67E-04,-2.00E-01,,,,,-2.67E-04,0
,,,-2.67E-04,0,,,,,-2.67E-04,0
,,,-2.66E-04,0,,,,,-2.66E-04,4.00E-02
,,,-2.66E-04,2.00E-01,,,,,-2.66E-04,-4.00E-02
,,,-2.66E-04,-2.00E-01,,,,,-2.66E-04,0
,,,-2.65E-04,-2.00E-01,,,,,-2.65E-04,0
,,,-2.65E-04,0,,,,,-2.65E-04,-4.00E-02
,,,-2.64E-04,2.00E-01,,,,,-2.64E-04,0
,,,-2.64E-04,0,,,,,-2.64E-04,0
,,,-2.64E-04,2.00E-01,,,,,-2.64E-04,-4.00E-02
,,,-2.63E-04,2.00E-01,,,,,-2.63E-04,-8.00E-02
,,,-2.63E-04,-2.00E-01,,,,,-2.63E-04,0
,,,-2.62E-04,0,,,,,-2.62E-04,0
,,,-2.62E-04,0,,,,,-2.62E-04,4.00E-02
,,,-2.62E-04,-2.00E-01,,,,,-2.62E-04,0
,,,-2.61E-04,0,,,,,-2.61E-04,0
,,,-2.61E-04,0,,,,,-2.61E-04,4.00E-02
,,,-2.60E-04,2.00E-01,,,,,-2.60E-04,4.00E-02
,,,-2.60E-04,0,,,,,-2.60E-04,-4.00E-02
,,,-2.60E-04,-2.00E-01,,,,,-2.60E-04,0
,,,-2.59E-04,0,,,,,-2.59E-04,4.00E-02
,,,-2.59E-04,0,,,,,-2.59E-04,0
,,,-2.58E-04,0,,,,,-2.58E-04,4.00E-02
,,,-2.58E-04,-2.00E-01,,,,,-2.58E-04,-8.00E-02
,,,-2.58E-04,-2.00E-01,,,,,-2.58E-04,4.00E-02
,,,-2.57E-04,0,,,,,-2.57E-04,0
,,,-2.57E-04,0,,,,,-2.57E-04,4.00E-02
,,,-2.56E-04,0,,,,,-2.56E-04,4.00E-02
,,,-2.56E-04,0,,,,,-2.56E-04,4.00E-02
,,,-2.56E-04,0,,,,,-2.56E-04,-4.00E-02
,,,-2.55E-04,0,,,,,-2.55E-04,0
,,,-2.55E-04,0,,,,,-2.55E-04,0
,,,-2.54E-04,0,,,,,-2.54E-04,4.00E-02
,,,-2.54E-04,-2.00E-01,,,,,-2.54E-04,0
,,,-2.54E-04,0,,,,,-2.54E-04,0
,,,-2.53E-04,2.00E-01,,,,,-2.53E-04,0
,,,-2.53E-04,0,,,,,-2.53E-04,0
,,,-2.52E-04,2.00E-01,,,,,-2.52E-04,-4.00E-02
,,,-2.52E-04,2.00E-01,,,,,-2.52E-04,-4.00E-02
,,,-2.52E-04,0,,,,,-2.52E-04,0
,,,-2.51E-04,0,,,,,-2.51E-04,0
,,,-2.51E-04,0,,,,,-2.51E-04,0
,,,-2.50E-04,0,,,,,-2.50E-04,0
,,,-2.50E-04,-4.00E-01,,,,,-2.50E-04,0
,,,-2.50E-04,2.00E-01,,,,,-2.50E-04,0
,,,-2.49E-04,-4.00E-01,,,,,-2.49E-04,-4.00E-02
,,,-2.49E-04,0,,,,,-2.49E-04,0
,,,-2.48E-04,2.00E-01,,,,,-2.48E-04,-4.00E-02
,,,-2.48E-04,2.00E-01,,,,,-2.48E-04,-8.00E-02
,,,-2.48E-04,0,,,,,-2.48E-04,0
,,,-2.47E-04,2.00E-01,,,,,-2.47E-04,4.00E-02
,,,-2.47E-04,-2.00E-01,,,,,-2.47E-04,0
,,,-2.46E-04,2.00E-01,,,,,-2.46E-04,0
,,,-2.46E-04,0,,,,,-2.46E-04,0
,,,-2.46E-04,0,,,,,-2.46E-04,0
,,,-2.45E-04,-2.00E-01,,,,,-2.45E-04,4.00E-02
,,,-2.45E-04,0,,,,,-2.45E-04,-4.00E-02
,,,-2.44E-04,0,,,,,-2.44E-04,0
,,,-2.44E-04,0,,,,,-2.44E-04,0
,,,-2.44E-04,0,,,,,-2.44E-04,-8.00E-02
,,,-2.43E-04,-2.00E-01,,,,,-2.43E-04,-4.00E-02
,,,-2.43E-04,0,,,,,-2.43E-04,8.00E-02
,,,-2.42E-04,0,,,,,-2.42E-04,-4.00E-02
,,,-2.42E-04,0,,,,,-2.42E-04,0
,,,-2.42E-04,-2.00E-01,,,,,-2.42E-04,0
,,,-2.41E-04,0,,,,,-2.41E-04,0
,,,-2.41E-04,0,,,,,-2.41E-04,0
,,,-2.40E-04,0,,,,,-2.40E-04,4.00E-02
,,,-2.40E-04,0,,,,,-2.40E-04,-4.00E-02
,,,-2.40E-04,2.00E-01,,,,,-2.40E-04,0
,,,-2.39E-04,-2.00E-01,,,,,-2.39E-04,-4.00E-02
,,,-2.39E-04,0,,,,,-2.39E-04,0
,,,-2.38E-04,0,,,,,-2.38E-04,0
,,,-2.38E-04,0,,,,,-2.38E-04,0
,,,-2.38E-04,-2.00E-01,,,,,-2.38E-04,4.00E-02
,,,-2.37E-04,0,,,,,-2.37E-04,-4.00E-02
,,,-2.37E-04,0,,,,,-2.37E-04,0
,,,-2.36E-04,0,,,,,-2.36E-04,0
,,,-2.36E-04,0,,,,,-2.36E-04,0
,,,-2.36E-04,0,,,,,-2.36E-04,0
,,,-2.35E-04,-2.00E-01,,,,,-2.35E-04,0
,,,-2.35E-04,0,,,,,-2.35E-04,-4.00E-02
,,,-2.34E-04,0,,,,,-2.34E-04,0
,,,-2.34E-04,0,,,,,-2.34E-04,-4.00E-02
,,,-2.34E-04,-2.00E-01,,,,,-2.34E-04,0
,,,-2.33E-04,0,,,,,-2.33E-04,0
,,,-2.33E-04,-2.00E-01,,,,,-2.33E-04,-4.00E-02
,,,-2.32E-04,0,,,,,-2.32E-04,0
,,,-2.32E-04,2.00E-01,,,,,-2.32E-04,0
,,,-2.32E-04,0,,,,,-2.32E-04,4.00E-02
,,,-2.31E-04,0,,,,,-2.31E-04,0
,,,-2.31E-04,0,,,,,-2.31E-04,-4.00E-02
,,,-2.30E-04,2.00E-01,,,,,-2.30E-04,0
,,,-2.30E-04,0,,,,,-2.30E-04,0
,,,-2.30E-04,0,,,,,-2.30E-04,4.00E-02
,,,-2.29E-04,0,,,,,-2.29E-04,-4.00E-02
,,,-2.29E-04,2.00E-01,,,,,-2.29E-04,-4.00E-02
,,,-2.28E-04,-2.00E-01,,,,,-2.28E-04,4.00E-02
,,,-2.28E-04,2.00E-01,,,,,-2.28E-04,0
,,,-2.28E-04,-2.00E-01,,,,,-2.28E-04,4.00E-02
,,,-2.27E-04,0,,,,,-2.27E-04,4.00E-02
,,,-2.27E-04,0,,,,,-2.27E-04,0
,,,-2.26E-04,2.00E-01,,,,,-2.26E-04,0
,,,-2.26E-04,-2.00E-01,,,,,-2.26E-04,0
,,,-2.26E-04,-2.00E-01,,,,,-2.26E-04,0
,,,-2.25E-04,2.00E-01,,,,,-2.25E-04,-4.00E-02
,,,-2.25E-04,2.00E-01,,,,,-2.25E-04,0
,,,-2.24E-04,0,,,,,-2.24E-04,-4.00E-02
,,,-2.24E-04,0,,,,,-2.24E-04,0
,,,-2.24E-04,0,,,,,-2.24E-04,0
,,,-2.23E-04,0,,,,,-2.23E-04,0
,,,-2.23E-04,0,,,,,-2.23E-04,0
,,,-2.22E-04,2.00E-01,,,,,-2.22E-04,0
,,,-2.22E-04,-4.00E-01,,,,,-2.22E-04,4.00E-02
,,,-2.22E-04,0,,,,,-2.22E-04,-4.00E-02
,,,-2.21E-04,0,,,,,-2.21E-04,8.00E-02
,,,-2.21E-04,0,,,,,-2.21E-04,4.00E-02
,,,-2.20E-04,-2.00E-01,,,,,-2.20E-04,0
,,,-2.20E-04,2.00E-01,,,,,-2.20E-04,-4.00E-02
,,,-2.20E-04,-2.00E-01,,,,,-2.20E-04,0
,,,-2.19E-04,0,,,,,-2.19E-04,-4.00E-02
,,,-2.19E-04,0,,,,,-2.19E-04,-4.00E-02
,,,-2.18E-04,0,,,,,-2.18E-04,0
,,,-2.18E-04,0,,,,,-2.18E-04,-4.00E-02
,,,-2.18E-04,0,,,,,-2.18E-04,4.00E-02
,,,-2.17E-04,-2.00E-01,,,,,-2.17E-04,-4.00E-02
,,,-2.17E-04,0,,,,,-2.17E-04,0
,,,-2.16E-04,0,,,,,-2.16E-04,4.00E-02
,,,-2.16E-04,2.00E-01,,,,,-2.16E-04,-4.00E-02
,,,-2.16E-04,-2.00E-01,,,,,-2.16E-04,-4.00E-02
,,,-2.15E-04,0,,,,,-2.15E-04,-4.00E-02
,,,-2.15E-04,0,,,,,-2.15E-04,0
,,,-2.14E-04,0,,,,,-2.14E-04,-4.00E-02
,,,-2.14E-04,-2.00E-01,,,,,-2.14E-04,-4.00E-02
,,,-2.14E-04,0,,,,,-2.14E-04,0
,,,-2.13E-04,0,,,,,-2.13E-04,0
,,,-2.13E-04,-2.00E-01,,,,,-2.13E-04,-4.00E-02
,,,-2.12E-04,-2.00E-01,,,,,-2.12E-04,0
,,,-2.12E-04,0,,,,,-2.12E-04,-4.00E-02
,,,-2.12E-04,2.00E-01,,,,,-2.12E-04,0
,,,-2.11E-04,-2.00E-01,,,,,-2.11E-04,-4.00E-02
,,,-2.11E-04,-2.00E-01,,,,,-2.11E-04,-4.00E-02
,,,-2.10E-04,0,,,,,-2.10E-04,0
,,,-2.10E-04,0,,,,,-2.10E-04,-4.00E-02
,,,-2.10E-04,-2.00E-01,,,,,-2.10E-04,-4.00E-02
,,,-2.09E-04,0,,,,,-2.09E-04,0
,,,-2.09E-04,2.00E-01,,,,,-2.09E-04,-4.00E-02
,,,-2.08E-04,0,,,,,-2.08E-04,-4.00E-02
,,,-2.08E-04,0,,,,,-2.08E-04,-4.00E-02
,,,-2.08E-04,0,,,,,-2.08E-04,4.00E-02
,,,-2.07E-04,0,,,,,-2.07E-04,4.00E-02
,,,-2.07E-04,2.00E-01,,,,,-2.07E-04,0
,,,-2.06E-04,0,,,,,-2.06E-04,0
,,,-2.06E-04,0,,,,,-2.06E-04,4.00E-02
,,,-2.06E-04,0,,,,,-2.06E-04,0
,,,-2.05E-04,0,,,,,-2.05E-04,-4.00E-02
,,,-2.05E-04,2.00E-01,,,,,-2.05E-04,0
,,,-2.04E-04,0,,,,,-2.04E-04,0
,,,-2.04E-04,0,,,,,-2.04E-04,0
,,,-2.04E-04,-2.00E-01,,,,,-2.04E-04,0
,,,-2.03E-04,0,,,,,-2.03E-04,4.00E-02
,,,-2.03E-04,2.00E-01,,,,,-2.03E-04,4.00E-02
,,,-2.02E-04,0,,,,,-2.02E-04,0
,,,-2.02E-04,2.00E-01,,,,,-2.02E-04,-4.00E-02
,,,-2.02E-04,0,,,,,-2.02E-04,0
,,,-2.01E-04,0,,,,,-2.01E-04,0
,,,-2.01E-04,0,,,,,-2.01E-04,0
,,,-2.00E-04,0,,,,,-2.00E-04,0
,,,-2.00E-04,0,,,,,-2.00E-04,0
,,,-2.00E-04,-2.00E-01,,,,,-2.00E-04,0
,,,-1.99E-04,0,,,,,-1.99E-04,0
,,,-1.99E-04,0,,,,,-1.99E-04,0
,,,-1.98E-04,0,,,,,-1.98E-04,4.00E-02
,,,-1.98E-04,0,,,,,-1.98E-04,4.00E-02
,,,-1.98E-04,0,,,,,-1.98E-04,0
,,,-1.97E-04,-2.00E-01,,,,,-1.97E-04,0
,,,-1.97E-04,0,,,,,-1.97E-04,-4.00E-02
,,,-1.96E-04,0,,,,,-1.96E-04,0
,,,-1.96E-04,0,,,,,-1.96E-04,0
,,,-1.96E-04,-2.00E-01,,,,,-1.96E-04,-4.00E-02
,,,-1.95E-04,0,,,,,-1.95E-04,-4.00E-02
,,,-1.95E-04,-2.00E-01,,,,,-1.95E-04,0
,,,-1.94E-04,0,,,,,-1.94E-04,-4.00E-02
,,,-1.94E-04,-2.00E-01,,,,,-1.94E-04,0
,,,-1.94E-04,0,,,,,-1.94E-04,0
,,,-1.93E-04,-2.00E-01,,,,,-1.93E-04,0
,,,-1.93E-04,2.00E-01,,,,,-1.93E-04,-4.00E-02
,,,-1.92E-04,-2.00E-01,,,,,-1.92E-04,-4.00E-02
,,,-1.92E-04,0,,,,,-1.92E-04,0
,,,-1.92E-04,0,,,,,-1.92E-04,0
,,,-1.91E-04,0,,,,,-1.91E-04,-4.00E-02
,,,-1.91E-04,-4.00E-01,,,,,-1.91E-04,-4.00E-02
,,,-1.90E-04,0,,,,,-1.90E-04,0
,,,-1.90E-04,0,,,,,-1.90E-04,0
,,,-1.90E-04,0,,,,,-1.90E-04,-4.00E-02
,,,-1.89E-04,2.00E-01,,,,,-1.89E-04,0
,,,-1.89E-04,0,,,,,-1.89E-04,-4.00E-02
,,,-1.88E-04,2.00E-01,,,,,-1.88E-04,-4.00E-02
,,,-1.88E-04,-2.00E-01,,,,,-1.88E-04,4.00E-02
,,,-1.88E-04,0,,,,,-1.88E-04,4.00E-02
,,,-1.87E-04,0,,,,,-1.87E-04,0
,,,-1.87E-04,0,,,,,-1.87E-04,0
,,,-1.86E-04,0,,,,,-1.86E-04,-4.00E-02
,,,-1.86E-04,0,,,,,-1.86E-04,0
,,,-1.86E-04,0,,,,,-1.86E-04,-4.00E-02
,,,-1.85E-04,0,,,,,-1.85E-04,0
,,,-1.85E-04,2.00E-01,,,,,-1.85E-04,0
,,,-1.84E-04,0,,,,,-1.84E-04,0
,,,-1.84E-04,0,,,,,-1.84E-04,4.00E-02
,,,-1.84E-04,0,,,,,-1.84E-04,-4.00E-02
,,,-1.83E-04,0,,,,,-1.83E-04,0
,,,-1.83E-04,-2.00E-01,,,,,-1.83E-04,4.00E-02
,,,-1.82E-04,0,,,,,-1.82E-04,4.00E-02
,,,-1.82E-04,0,,,,,-1.82E-04,0
,,,-1.82E-04,0,,,,,-1.82E-04,0
,,,-1.81E-04,0,,,,,-1.81E-04,-4.00E-02
,,,-1.81E-04,0,,,,,-1.81E-04,0
,,,-1.80E-04,2.00E-01,,,,,-1.80E-04,0
,,,-1.80E-04,-2.00E-01,,,,,-1.80E-04,0
,,,-1.80E-04,-2.00E-01,,,,,-1.80E-04,0
,,,-1.79E-04,2.00E-01,,,,,-1.79E-04,-4.00E-02
,,,-1.79E-04,-2.00E-01,,,,,-1.79E-04,-8.00E-02
,,,-1.78E-04,0,,,,,-1.78E-04,0
,,,-1.78E-04,-2.00E-01,,,,,-1.78E-04,4.00E-02
,,,-1.78E-04,0,,,,,-1.78E-04,-4.00E-02
,,,-1.77E-04,0,,,,,-1.77E-04,-4.00E-02
,,,-1.77E-04,0,,,,,-1.77E-04,4.00E-02
,,,-1.76E-04,0,,,,,-1.76E-04,0
,,,-1.76E-04,-2.00E-01,,,,,-1.76E-04,-4.00E-02
,,,-1.76E-04,0,,,,,-1.76E-04,0
,,,-1.75E-04,0,,,,,-1.75E-04,0
,,,-1.75E-04,0,,,,,-1.75E-04,-4.00E-02
,,,-1.74E-04,0,,,,,-1.74E-04,-4.00E-02
,,,-1.74E-04,2.00E-01,,,,,-1.74E-04,-4.00E-02
,,,-1.74E-04,0,,,,,-1.74E-04,0
,,,-1.73E-04,0,,,,,-1.73E-04,-4.00E-02
,,,-1.73E-04,2.00E-01,,,,,-1.73E-04,-4.00E-02
,,,-1.72E-04,0,,,,,-1.72E-04,-8.00E-02
,,,-1.72E-04,-2.00E-01,,,,,-1.72E-04,0
,,,-1.72E-04,-2.00E-01,,,,,-1.72E-04,0
,,,-1.71E-04,0,,,,,-1.71E-04,0
,,,-1.71E-04,-2.00E-01,,,,,-1.71E-04,0
,,,-1.70E-04,0,,,,,-1.70E-04,0
,,,-1.70E-04,-4.00E-01,,,,,-1.70E-04,0
,,,-1.70E-04,0,,,,,-1.70E-04,0
,,,-1.69E-04,2.00E-01,,,,,-1.69E-04,0
,,,-1.69E-04,0,,,,,-1.69E-04,-4.00E-02
,,,-1.68E-04,0,,,,,-1.68E-04,0
,,,-1.68E-04,2.00E-01,,,,,-1.68E-04,4.00E-02
,,,-1.68E-04,0,,,,,-1.68E-04,8.00E-02
,,,-1.67E-04,2.00E-01,,,,,-1.67E-04,0
,,,-1.67E-04,0,,,,,-1.67E-04,0
,,,-1.66E-04,0,,,,,-1.66E-04,4.00E-02
,,,-1.66E-04,0,,,,,-1.66E-04,0
,,,-1.66E-04,0,,,,,-1.66E-04,4.00E-02
,,,-1.65E-04,2.00E-01,,,,,-1.65E-04,4.00E-02
,,,-1.65E-04,0,,,,,-1.65E-04,0
,,,-1.64E-04,0,,,,,-1.64E-04,0
,,,-1.64E-04,-2.00E-01,,,,,-1.64E-04,0
,,,-1.64E-04,2.00E-01,,,,,-1.64E-04,4.00E-02
,,,-1.63E-04,-2.00E-01,,,,,-1.63E-04,-4.00E-02
,,,-1.63E-04,-2.00E-01,,,,,-1.63E-04,0
,,,-1.62E-04,0,,,,,-1.62E-04,0
,,,-1.62E-04,0,,,,,-1.62E-04,4.00E-02
,,,-1.62E-04,0,,,,,-1.62E-04,4.00E-02
,,,-1.61E-04,0,,,,,-1.61E-04,4.00E-02
,,,-1.61E-04,0,,,,,-1.61E-04,0
,,,-1.60E-04,0,,,,,-1.60E-04,-4.00E-02
,,,-1.60E-04,-2.00E-01,,,,,-1.60E-04,4.00E-02
,,,-1.60E-04,2.00E-01,,,,,-1.60E-04,0
,,,-1.59E-04,-2.00E-01,,,,,-1.59E-04,-4.00E-02
,,,-1.59E-04,2.00E-01,,,,,-1.59E-04,4.00E-02
,,,-1.58E-04,0,,,,,-1.58E-04,0
,,,-1.58E-04,0,,,,,-1.58E-04,0
,,,-1.58E-04,0,,,,,-1.58E-04,0
,,,-1.57E-04,-2.00E-01,,,,,-1.57E-04,-4.00E-02
,,,-1.57E-04,-2.00E-01,,,,,-1.57E-04,0
,,,-1.56E-04,-2.00E-01,,,,,-1.56E-04,-4.00E-02
,,,-1.56E-04,-2.00E-01,,,,,-1.56E-04,-4.00E-02
,,,-1.56E-04,0,,,,,-1.56E-04,-4.00E-02
,,,-1.55E-04,0,,,,,-1.55E-04,0
,,,-1.55E-04,2.00E-01,,,,,-1.55E-04,0
,,,-1.54E-04,-2.00E-01,,,,,-1.54E-04,0
,,,-1.54E-04,0,,,,,-1.54E-04,0
,,,-1.54E-04,0,,,,,-1.54E-04,0
,,,-1.53E-04,0,,,,,-1.53E-04,0
,,,-1.53E-04,2.00E-01,,,,,-1.53E-04,0
,,,-1.52E-04,-2.00E-01,,,,,-1.52E-04,0
,,,-1.52E-04,-2.00E-01,,,,,-1.52E-04,0
,,,-1.52E-04,2.00E-01,,,,,-1.52E-04,0
,,,-1.51E-04,-2.00E-01,,,,,-1.51E-04,4.00E-02
,,,-1.51E-04,-2.00E-01,,,,,-1.51E-04,-4.00E-02
,,,-1.50E-04,0,,,,,-1.50E-04,-4.00E-02
,,,-1.50E-04,0,,,,,-1.50E-04,-4.00E-02
,,,-1.50E-04,0,,,,,-1.50E-04,0
,,,-1.49E-04,0,,,,,-1.49E-04,0
,,,-1.49E-04,0,,,,,-1.49E-04,0
,,,-1.48E-04,0,,,,,-1.48E-04,4.00E-02
,,,-1.48E-04,0,,,,,-1.48E-04,-4.00E-02
,,,-1.48E-04,0,,,,,-1.48E-04,0
,,,-1.47E-04,2.00E-01,,,,,-1.47E-04,0
,,,-1.47E-04,-2.00E-01,,,,,-1.47E-04,0
,,,-1.46E-04,0,,,,,-1.46E-04,0
,,,-1.46E-04,2.00E-01,,,,,-1.46E-04,0
,,,-1.46E-04,0,,,,,-1.46E-04,4.00E-02
,,,-1.45E-04,2.00E-01,,,,,-1.45E-04,-4.00E-02
,,,-1.45E-04,0,,,,,-1.45E-04,0
,,,-1.44E-04,0,,,,,-1.44E-04,0
,,,-1.44E-04,-2.00E-01,,,,,-1.44E-04,0
,,,-1.44E-04,-2.00E-01,,,,,-1.44E-04,-4.00E-02
,,,-1.43E-04,0,,,,,-1.43E-04,0
,,,-1.43E-04,-2.00E-01,,,,,-1.43E-04,-4.00E-02
,,,-1.42E-04,0,,,,,-1.42E-04,4.00E-02
,,,-1.42E-04,-2.00E-01,,,,,-1.42E-04,4.00E-02
,,,-1.42E-04,2.00E-01,,,,,-1.42E-04,4.00E-02
,,,-1.41E-04,0,,,,,-1.41E-04,-4.00E-02
,,,-1.41E-04,2.00E-01,,,,,-1.41E-04,-4.00E-02
,,,-1.40E-04,0,,,,,-1.40E-04,4.00E-02
,,,-1.40E-04,-2.00E-01,,,,,-1.40E-04,4.00E-02
,,,-1.40E-04,0,,,,,-1.40E-04,0
,,,-1.39E-04,0,,,,,-1.39E-04,0
,,,-1.39E-04,-2.00E-01,,,,,-1.39E-04,0
,,,-1.38E-04,0,,,,,-1.38E-04,0
,,,-1.38E-04,0,,,,,-1.38E-04,-4.00E-02
,,,-1.38E-04,0,,,,,-1.38E-04,0
,,,-1.37E-04,0,,,,,-1.37E-04,4.00E-02
,,,-1.37E-04,2.00E-01,,,,,-1.37E-04,-4.00E-02
,,,-1.36E-04,0,,,,,-1.36E-04,0
,,,-1.36E-04,0,,,,,-1.36E-04,0
,,,-1.36E-04,0,,,,,-1.36E-04,0
,,,-1.35E-04,-2.00E-01,,,,,-1.35E-04,-4.00E-02
,,,-1.35E-04,-2.00E-01,,,,,-1.35E-04,0
,,,-1.34E-04,0,,,,,-1.34E-04,0
,,,-1.34E-04,0,,,,,-1.34E-04,0
,,,-1.34E-04,2.00E-01,,,,,-1.34E-04,0
,,,-1.33E-04,0,,,,,-1.33E-04,4.00E-02
,,,-1.33E-04,2.00E-01,,,,,-1.33E-04,0
,,,-1.32E-04,0,,,,,-1.32E-04,4.00E-02
,,,-1.32E-04,0,,,,,-1.32E-04,0
,,,-1.32E-04,0,,,,,-1.32E-04,0
,,,-1.31E-04,-2.00E-01,,,,,-1.31E-04,0
,,,-1.31E-04,0,,,,,-1.31E-04,-4.00E-02
,,,-1.30E-04,-2.00E-01,,,,,-1.30E-04,0
,,,-1.30E-04,2.00E-01,,,,,-1.30E-04,0
,,,-1.30E-04,2.00E-01,,,,,-1.30E-04,-4.00E-02
,,,-1.29E-04,0,,,,,-1.29E-04,-4.00E-02
,,,-1.29E-04,2.00E-01,,,,,-1.29E-04,0
,,,-1.28E-04,2.00E-01,,,,,-1.28E-04,4.00E-02
,,,-1.28E-04,0,,,,,-1.28E-04,4.00E-02
,,,-1.28E-04,0,,,,,-1.28E-04,0
,,,-1.27E-04,-2.00E-01,,,,,-1.27E-04,0
,,,-1.27E-04,0,,,,,-1.27E-04,4.00E-02
,,,-1.26E-04,0,,,,,-1.26E-04,-4.00E-02
,,,-1.26E-04,0,,,,,-1.26E-04,-4.00E-02
,,,-1.26E-04,2.00E-01,,,,,-1.26E-04,4.00E-02
,,,-1.25E-04,0,,,,,-1.25E-04,-4.00E-02
,,,-1.25E-04,0,,,,,-1.25E-04,0
,,,-1.24E-04,0,,,,,-1.24E-04,-4.00E-02
,,,-1.24E-04,0,,,,,-1.24E-04,4.00E-02
,,,-1.24E-04,0,,,,,-1.24E-04,0
,,,-1.23E-04,-2.00E-01,,,,,-1.23E-04,0
,,,-1.23E-04,0,,,,,-1.23E-04,0
,,,-1.22E-04,0,,,,,-1.22E-04,4.00E-02
,,,-1.22E-04,0,,,,,-1.22E-04,-4.00E-02
,,,-1.22E-04,-2.00E-01,,,,,-1.22E-04,-4.00E-02
,,,-1.21E-04,0,,,,,-1.21E-04,0
,,,-1.21E-04,0,,,,,-1.21E-04,-4.00E-02
,,,-1.20E-04,0,,,,,-1.20E-04,0
,,,-1.20E-04,0,,,,,-1.20E-04,0
,,,-1.20E-04,0,,,,,-1.20E-04,-4.00E-02
,,,-1.19E-04,0,,,,,-1.19E-04,0
,,,-1.19E-04,0,,,,,-1.19E-04,0
,,,-1.18E-04,2.00E-01,,,,,-1.18E-04,-4.00E-02
,,,-1.18E-04,0,,,,,-1.18E-04,-4.00E-02
,,,-1.18E-04,-2.00E-01,,,,,-1.18E-04,0
,,,-1.17E-04,2.00E-01,,,,,-1.17E-04,-4.00E-02
,,,-1.17E-04,0,,,,,-1.17E-04,-4.00E-02
,,,-1.16E-04,-2.00E-01,,,,,-1.16E-04,0
,,,-1.16E-04,2.00E-01,,,,,-1.16E-04,-4.00E-02
,,,-1.16E-04,-2.00E-01,,,,,-1.16E-04,-4.00E-02
,,,-1.15E-04,2.00E-01,,,,,-1.15E-04,0
,,,-1.15E-04,-2.00E-01,,,,,-1.15E-04,0
,,,-1.14E-04,-2.00E-01,,,,,-1.14E-04,-4.00E-02
,,,-1.14E-04,0,,,,,-1.14E-04,0
,,,-1.14E-04,0,,,,,-1.14E-04,0
,,,-1.13E-04,0,,,,,-1.13E-04,0
,,,-1.13E-04,0,,,,,-1.13E-04,0
,,,-1.12E-04,0,,,,,-1.12E-04,0
,,,-1.12E-04,0,,,,,-1.12E-04,-4.00E-02
,,,-1.12E-04,0,,,,,-1.12E-04,4.00E-02
,,,-1.11E-04,0,,,,,-1.11E-04,-4.00E-02
,,,-1.11E-04,-2.00E-01,,,,,-1.11E-04,0
,,,-1.10E-04,0,,,,,-1.10E-04,-4.00E-02
,,,-1.10E-04,2.00E-01,,,,,-1.10E-04,-4.00E-02
,,,-1.10E-04,0,,,,,-1.10E-04,0
,,,-1.09E-04,2.00E-01,,,,,-1.09E-04,0
,,,-1.09E-04,0,,,,,-1.09E-04,4.00E-02
,,,-1.08E-04,0,,,,,-1.08E-04,4.00E-02
,,,-1.08E-04,0,,,,,-1.08E-04,4.00E-02
,,,-1.08E-04,2.00E-01,,,,,-1.08E-04,0
,,,-1.07E-04,0,,,,,-1.07E-04,0
,,,-1.07E-04,0,,,,,-1.07E-04,0
,,,-1.06E-04,0,,,,,-1.06E-04,0
,,,-1.06E-04,0,,,,,-1.06E-04,0
,,,-1.06E-04,2.00E-01,,,,,-1.06E-04,0
,,,-1.05E-04,2.00E-01,,,,,-1.05E-04,-4.00E-02
,,,-1.05E-04,2.00E-01,,,,,-1.05E-04,4.00E-02
,,,-1.04E-04,0,,,,,-1.04E-04,0
,,,-1.04E-04,0,,,,,-1.04E-04,0
,,,-1.04E-04,-2.00E-01,,,,,-1.04E-04,0
,,,-1.03E-04,-4.00E-01,,,,,-1.03E-04,0
,,,-1.03E-04,0,,,,,-1.03E-04,0
,,,-1.02E-04,-2.00E-01,,,,,-1.02E-04,-4.00E-02
,,,-1.02E-04,2.00E-01,,,,,-1.02E-04,-4.00E-02
,,,-1.02E-04,0,,,,,-1.02E-04,4.00E-02
,,,-1.01E-04,0,,,,,-1.01E-04,0
,,,-1.01E-04,0,,,,,-1.01E-04,4.00E-02
,,,-1.00E-04,0,,,,,-1.00E-04,4.00E-02
,,,-1.00E-04,0,,,,,-1.00E-04,4.00E-02
,,,-9.96E-05,-2.00E-01,,,,,-9.96E-05,-4.00E-02
,,,-9.92E-05,-2.00E-01,,,,,-9.92E-05,0
,,,-9.88E-05,-2.00E-01,,,,,-9.88E-05,0
,,,-9.84E-05,2.00E-01,,,,,-9.84E-05,0
,,,-9.80E-05,-2.00E-01,,,,,-9.80E-05,0
,,,-9.76E-05,0,,,,,-9.76E-05,8.00E-02
,,,-9.72E-05,0,,,,,-9.72E-05,4.00E-02
,,,-9.68E-05,-2.00E-01,,,,,-9.68E-05,-4.00E-02
,,,-9.64E-05,-2.00E-01,,,,,-9.64E-05,-4.00E-02
,,,-9.60E-05,0,,,,,-9.60E-05,0
,,,-9.56E-05,-2.00E-01,,,,,-9.56E-05,-8.00E-02
,,,-9.52E-05,0,,,,,-9.52E-05,-4.00E-02
,,,-9.48E-05,0,,,,,-9.48E-05,0
,,,-9.44E-05,0,,,,,-9.44E-05,4.00E-02
,,,-9.40E-05,-2.00E-01,,,,,-9.40E-05,-4.00E-02
,,,-9.36E-05,0,,,,,-9.36E-05,0
,,,-9.32E-05,0,,,,,-9.32E-05,-8.00E-02
,,,-9.28E-05,0,,,,,-9.28E-05,0
,,,-9.24E-05,-2.00E-01,,,,,-9.24E-05,-4.00E-02
,,,-9.20E-05,0,,,,,-9.20E-05,-4.00E-02
,,,-9.16E-05,-2.00E-01,,,,,-9.16E-05,0
,,,-9.12E-05,0,,,,,-9.12E-05,0
,,,-9.08E-05,-4.00E-01,,,,,-9.08E-05,0
,,,-9.04E-05,0,,,,,-9.04E-05,0
,,,-9.00E-05,2.00E-01,,,,,-9.00E-05,0
,,,-8.96E-05,0,,,,,-8.96E-05,0
,,,-8.92E-05,0,,,,,-8.92E-05,0
,,,-8.88E-05,0,,,,,-8.88E-05,4.00E-02
,,,-8.84E-05,0,,,,,-8.84E-05,4.00E-02
,,,-8.80E-05,2.00E-01,,,,,-8.80E-05,-4.00E-02
,,,-8.76E-05,0,,,,,-8.76E-05,0
,,,-8.72E-05,0,,,,,-8.72E-05,0
,,,-8.68E-05,-2.00E-01,,,,,-8.68E-05,-4.00E-02
,,,-8.64E-05,-2.00E-01,,,,,-8.64E-05,-8.00E-02
,,,-8.60E-05,2.00E-01,,,,,-8.60E-05,0
,,,-8.56E-05,2.00E-01,,,,,-8.56E-05,-4.00E-02
,,,-8.52E-05,-2.00E-01,,,,,-8.52E-05,0
,,,-8.48E-05,0,,,,,-8.48E-05,0
,,,-8.44E-05,0,,,,,-8.44E-05,8.00E-02
,,,-8.40E-05,0,,,,,-8.40E-05,0
,,,-8.36E-05,-2.00E-01,,,,,-8.36E-05,-4.00E-02
,,,-8.32E-05,-2.00E-01,,,,,-8.32E-05,0
,,,-8.28E-05,0,,,,,-8.28E-05,0
,,,-8.24E-05,0,,,,,-8.24E-05,4.00E-02
,,,-8.20E-05,0,,,,,-8.20E-05,4.00E-02
,,,-8.16E-05,-2.00E-01,,,,,-8.16E-05,-4.00E-02
,,,-8.12E-05,2.00E-01,,,,,-8.12E-05,0
,,,-8.08E-05,-2.00E-01,,,,,-8.08E-05,-4.00E-02
,,,-8.04E-05,0,,,,,-8.04E-05,0
,,,-8.00E-05,-2.00E-01,,,,,-8.00E-05,0
,,,-7.96E-05,2.00E-01,,,,,-7.96E-05,0
,,,-7.92E-05,-2.00E-01,,,,,-7.92E-05,4.00E-02
,,,-7.88E-05,0,,,,,-7.88E-05,0
,,,-7.84E-05,-2.00E-01,,,,,-7.84E-05,0
,,,-7.80E-05,0,,,,,-7.80E-05,4.00E-02
,,,-7.76E-05,2.00E-01,,,,,-7.76E-05,0
,,,-7.72E-05,0,,,,,-7.72E-05,0
,,,-7.68E-05,-4.00E-01,,,,,-7.68E-05,0
,,,-7.64E-05,0,,,,,-7.64E-05,-4.00E-02
,,,-7.60E-05,0,,,,,-7.60E-05,0
,,,-7.56E-05,-2.00E-01,,,,,-7.56E-05,0
,,,-7.52E-05,0,,,,,-7.52E-05,-4.00E-02
,,,-7.48E-05,0,,,,,-7.48E-05,0
,,,-7.44E-05,0,,,,,-7.44E-05,0
,,,-7.40E-05,0,,,,,-7.40E-05,4.00E-02
,,,-7.36E-05,-2.00E-01,,,,,-7.36E-05,4.00E-02
,,,-7.32E-05,0,,,,,-7.32E-05,4.00E-02
,,,-7.28E-05,-2.00E-01,,,,,-7.28E-05,4.00E-02
,,,-7.24E-05,0,,,,,-7.24E-05,0
,,,-7.20E-05,0,,,,,-7.20E-05,0
,,,-7.16E-05,0,,,,,-7.16E-05,-4.00E-02
,,,-7.12E-05,0,,,,,-7.12E-05,0
,,,-7.08E-05,0,,,,,-7.08E-05,0
,,,-7.04E-05,2.00E-01,,,,,-7.04E-05,4.00E-02
,,,-7.00E-05,-2.00E-01,,,,,-7.00E-05,0
,,,-6.96E-05,2.00E-01,,,,,-6.96E-05,0
,,,-6.92E-05,0,,,,,-6.92E-05,4.00E-02
,,,-6.88E-05,2.00E-01,,,,,-6.88E-05,0
,,,-6.84E-05,0,,,,,-6.84E-05,0
,,,-6.80E-05,0,,,,,-6.80E-05,0
,,,-6.76E-05,0,,,,,-6.76E-05,4.00E-02
,,,-6.72E-05,0,,,,,-6.72E-05,0
,,,-6.68E-05,0,,,,,-6.68E-05,0
,,,-6.64E-05,0,,,,,-6.64E-05,0
,,,-6.60E-05,0,,,,,-6.60E-05,0
,,,-6.56E-05,0,,,,,-6.56E-05,0
,,,-6.52E-05,0,,,,,-6.52E-05,0
,,,-6.48E-05,0,,,,,-6.48E-05,0
,,,-6.44E-05,2.00E-01,,,,,-6.44E-05,-4.00E-02
,,,-6.40E-05,0,,,,,-6.40E-05,4.00E-02
,,,-6.36E-05,0,,,,,-6.36E-05,0
,,,-6.32E-05,2.00E-01,,,,,-6.32E-05,-4.00E-02
,,,-6.28E-05,0,,,,,-6.28E-05,0
,,,-6.24E-05,2.00E-01,,,,,-6.24E-05,0
,,,-6.20E-05,4.00E-01,,,,,-6.20E-05,0
,,,-6.16E-05,0,,,,,-6.16E-05,0
,,,-6.12E-05,0,,,,,-6.12E-05,4.00E-02
,,,-6.08E-05,-2.00E-01,,,,,-6.08E-05,-4.00E-02
,,,-6.04E-05,0,,,,,-6.04E-05,-4.00E-02
,,,-6.00E-05,0,,,,,-6.00E-05,0
,,,-5.96E-05,0,,,,,-5.96E-05,0
,,,-5.92E-05,0,,,,,-5.92E-05,-4.00E-02
,,,-5.88E-05,0,,,,,-5.88E-05,-4.00E-02
,,,-5.84E-05,0,,,,,-5.84E-05,-4.00E-02
,,,-5.80E-05,0,,,,,-5.80E-05,0
,,,-5.76E-05,0,,,,,-5.76E-05,-4.00E-02
,,,-5.72E-05,-2.00E-01,,,,,-5.72E-05,-4.00E-02
,,,-5.68E-05,0,,,,,-5.68E-05,0
,,,-5.64E-05,0,,,,,-5.64E-05,-4.00E-02
,,,-5.60E-05,-2.00E-01,,,,,-5.60E-05,4.00E-02
,,,-5.56E-05,-2.00E-01,,,,,-5.56E-05,0
,,,-5.52E-05,0,,,,,-5.52E-05,0
,,,-5.48E-05,2.00E-01,,,,,-5.48E-05,4.00E-02
,,,-5.44E-05,-2.00E-01,,,,,-5.44E-05,0
,,,-5.40E-05,-2.00E-01,,,,,-5.40E-05,4.00E-02
,,,-5.36E-05,0,,,,,-5.36E-05,4.00E-02
,,,-5.32E-05,2.00E-01,,,,,-5.32E-05,4.00E-02
,,,-5.28E-05,-2.00E-01,,,,,-5.28E-05,0
,,,-5.24E-05,0,,,,,-5.24E-05,0
,,,-5.20E-05,0,,,,,-5.20E-05,4.00E-02
,,,-5.16E-05,0,,,,,-5.16E-05,0
,,,-5.12E-05,0,,,,,-5.12E-05,0
,,,-5.08E-05,0,,,,,-5.08E-05,4.00E-02
,,,-5.04E-05,0,,,,,-5.04E-05,0
,,,-5.00E-05,0,,,,,-5.00E-05,-4.00E-02
,,,-4.96E-05,0,,,,,-4.96E-05,0
,,,-4.92E-05,0,,,,,-4.92E-05,0
,,,-4.88E-05,0,,,,,-4.88E-05,4.00E-02
,,,-4.84E-05,0,,,,,-4.84E-05,0
,,,-4.80E-05,0,,,,,-4.80E-05,0
,,,-4.76E-05,0,,,,,-4.76E-05,4.00E-02
,,,-4.72E-05,0,,,,,-4.72E-05,4.00E-02
,,,-4.68E-05,-2.00E-01,,,,,-4.68E-05,0
,,,-4.64E-05,0,,,,,-4.64E-05,0
,,,-4.60E-05,-2.00E-01,,,,,-4.60E-05,0
,,,-4.56E-05,0,,,,,-4.56E-05,4.00E-02
,,,-4.52E-05,0,,,,,-4.52E-05,0
,,,-4.48E-05,-2.00E-01,,,,,-4.48E-05,4.00E-02
,,,-4.44E-05,2.00E-01,,,,,-4.44E-05,0
,,,-4.40E-05,2.00E-01,,,,,-4.40E-05,4.00E-02
,,,-4.36E-05,-2.00E-01,,,,,-4.36E-05,-4.00E-02
,,,-4.32E-05,0,,,,,-4.32E-05,0
,,,-4.28E-05,-2.00E-01,,,,,-4.28E-05,4.00E-02
,,,-4.24E-05,0,,,,,-4.24E-05,0
,,,-4.20E-05,-2.00E-01,,,,,-4.20E-05,0
,,,-4.16E-05,0,,,,,-4.16E-05,0
,,,-4.12E-05,0,,,,,-4.12E-05,0
,,,-4.08E-05,0,,,,,-4.08E-05,0
,,,-4.04E-05,0,,,,,-4.04E-05,0
,,,-4.00E-05,0,,,,,-4.00E-05,0
,,,-3.96E-05,0,,,,,-3.96E-05,4.00E-02
,,,-3.92E-05,0,,,,,-3.92E-05,0
,,,-3.88E-05,0,,,,,-3.88E-05,0
,,,-3.84E-05,0,,,,,-3.84E-05,4.00E-02
,,,-3.80E-05,0,,,,,-3.80E-05,0
,,,-3.76E-05,-2.00E-01,,,,,-3.76E-05,4.00E-02
,,,-3.72E-05,-2.00E-01,,,,,-3.72E-05,0
,,,-3.68E-05,0,,,,,-3.68E-05,-4.00E-02
,,,-3.64E-05,0,,,,,-3.64E-05,4.00E-02
,,,-3.60E-05,-2.00E-01,,,,,-3.60E-05,-4.00E-02
,,,-3.56E-05,0,,,,,-3.56E-05,4.00E-02
,,,-3.52E-05,2.00E-01,,,,,-3.52E-05,0
,,,-3.48E-05,0,,,,,-3.48E-05,4.00E-02
,,,-3.44E-05,0,,,,,-3.44E-05,0
,,,-3.40E-05,0,,,,,-3.40E-05,4.00E-02
,,,-3.36E-05,0,,,,,-3.36E-05,0
,,,-3.32E-05,0,,,,,-3.32E-05,0
,,,-3.28E-05,0,,,,,-3.28E-05,0
,,,-3.24E-05,-2.00E-01,,,,,-3.24E-05,0
,,,-3.20E-05,0,,,,,-3.20E-05,0
,,,-3.16E-05,2.00E-01,,,,,-3.16E-05,0
,,,-3.12E-05,0,,,,,-3.12E-05,-4.00E-02
,,,-3.08E-05,2.00E-01,,,,,-3.08E-05,0
,,,-3.04E-05,-2.00E-01,,,,,-3.04E-05,4.00E-02
,,,-3.00E-05,2.00E-01,,,,,-3.00E-05,4.00E-02
,,,-2.96E-05,0,,,,,-2.96E-05,0
,,,-2.92E-05,2.00E-01,,,,,-2.92E-05,0
,,,-2.88E-05,0,,,,,-2.88E-05,0
,,,-2.84E-05,0,,,,,-2.84E-05,0
,,,-2.80E-05,0,,,,,-2.80E-05,0
,,,-2.76E-05,-2.00E-01,,,,,-2.76E-05,-4.00E-02
,,,-2.72E-05,2.00E-01,,,,,-2.72E-05,0
,,,-2.68E-05,0,,,,,-2.68E-05,0
,,,-2.64E-05,2.00E-01,,,,,-2.64E-05,4.00E-02
,,,-2.60E-05,2.00E-01,,,,,-2.60E-05,0
,,,-2.56E-05,0,,,,,-2.56E-05,0
,,,-2.52E-05,-2.00E-01,,,,,-2.52E-05,-4.00E-02
,,,-2.48E-05,0,,,,,-2.48E-05,0
,,,-2.44E-05,0,,,,,-2.44E-05,0
,,,-2.40E-05,-2.00E-01,,,,,-2.40E-05,0
,,,-2.36E-05,0,,,,,-2.36E-05,0
,,,-2.32E-05,2.00E-01,,,,,-2.32E-05,4.00E-02
,,,-2.28E-05,0,,,,,-2.28E-05,0
,,,-2.24E-05,0,,,,,-2.24E-05,0
,,,-2.20E-05,-2.00E-01,,,,,-2.20E-05,-4.00E-02
,,,-2.16E-05,-2.00E-01,,,,,-2.16E-05,4.00E-02
,,,-2.12E-05,-2.00E-01,,,,,-2.12E-05,-4.00E-02
,,,-2.08E-05,0,,,,,-2.08E-05,0
,,,-2.04E-05,0,,,,,-2.04E-05,0
,,,-2.00E-05,0,,,,,-2.00E-05,-4.00E-02
,,,-1.96E-05,-2.00E-01,,,,,-1.96E-05,4.00E-02
,,,-1.92E-05,0,,,,,-1.92E-05,4.00E-02
,,,-1.88E-05,0,,,,,-1.88E-05,0
,,,-1.84E-05,0,,,,,-1.84E-05,0
,,,-1.80E-05,0,,,,,-1.80E-05,0
,,,-1.76E-05,0,,,,,-1.76E-05,0
,,,-1.72E-05,0,,,,,-1.72E-05,4.00E-02
,,,-1.68E-05,0,,,,,-1.68E-05,8.00E-02
,,,-1.64E-05,-2.00E-01,,,,,-1.64E-05,0
,,,-1.60E-05,0,,,,,-1.60E-05,4.00E-02
,,,-1.56E-05,2.00E-01,,,,,-1.56E-05,0
,,,-1.52E-05,0,,,,,-1.52E-05,4.00E-02
,,,-1.48E-05,0,,,,,-1.48E-05,4.00E-02
,,,-1.44E-05,0,,,,,-1.44E-05,0
,,,-1.40E-05,2.00E-01,,,,,-1.40E-05,4.00E-02
,,,-1.36E-05,0,,,,,-1.36E-05,4.00E-02
,,,-1.32E-05,0,,,,,-1.32E-05,0
,,,-1.28E-05,-2.00E-01,,,,,-1.28E-05,4.00E-02
,,,-1.24E-05,-2.00E-01,,,,,-1.24E-05,8.00E-02
,,,-1.20E-05,0,,,,,-1.20E-05,0
,,,-1.16E-05,-2.00E-01,,,,,-1.16E-05,4.00E-02
,,,-1.12E-05,0,,,,,-1.12E-05,4.00E-02
,,,-1.08E-05,2.00E-01,,,,,-1.08E-05,4.00E-02
,,,-1.04E-05,0,,,,,-1.04E-05,-4.00E-02
,,,-1.00E-05,0,,,,,-1.00E-05,4.00E-02
,,,-9.60E-06,0,,,,,-9.60E-06,8.00E-02
,,,-9.20E-06,0,,,,,-9.20E-06,4.00E-02
,,,-8.80E-06,0,,,,,-8.80E-06,4.00E-02
,,,-8.40E-06,0,,,,,-8.40E-06,4.00E-02
,,,-8.00E-06,-2.00E-01,,,,,-8.00E-06,0
,,,-7.60E-06,0,,,,,-7.60E-06,4.00E-02
,,,-7.20E-06,0,,,,,-7.20E-06,-4.00E-02
,,,-6.80E-06,-2.00E-01,,,,,-6.80E-06,4.00E-02
,,,-6.40E-06,-2.00E-01,,,,,-6.40E-06,0
,,,-6.00E-06,0,,,,,-6.00E-06,4.00E-02
,,,-5.60E-06,-2.00E-01,,,,,-5.60E-06,-4.00E-02
,,,-5.20E-06,0,,,,,-5.20E-06,4.00E-02
,,,-4.80E-06,2.00E-01,,,,,-4.80E-06,0
,,,-4.40E-06,0,,,,,-4.40E-06,0
,,,-4.00E-06,0,,,,,-4.00E-06,4.00E-02
,,,-3.60E-06,0,,,,,-3.60E-06,4.00E-02
,,,-3.20E-06,0,,,,,-3.20E-06,4.00E-02
,,,-2.80E-06,0,,,,,-2.80E-06,4.00E-02
,,,-2.40E-06,0,,,,,-2.40E-06,0
,,,-2.00E-06,0,,,,,-2.00E-06,4.00E-02
,,,-1.60E-06,0,,,,,-1.60E-06,-4.00E-02
,,,-1.20E-06,0,,,,,-1.20E-06,4.00E-02
,,,-8.00E-07,-2.00E-01,,,,,-8.00E-07,4.00E-02
,,,-4.00E-07,0,,,,,-4.00E-07,0
,,,6.31E-12,0,,,,,6.31E-12,4.00E-02
,,,4.00E-07,2.00E-01,,,,,4.00E-07,4.00E-02
,,,8.00E-07,0,,,,,8.00E-07,0
,,,1.20E-06,0,,,,,1.20E-06,4.00E-02
,,,1.60E-06,0,,,,,1.60E-06,0
,,,2.00E-06,0,,,,,2.00E-06,0
,,,2.40E-06,0,,,,,2.40E-06,0
,,,2.80E-06,-2.00E-01,,,,,2.80E-06,3.63999987
,,,3.20E-06,-2.00E-01,,,,,3.20E-06,2.91999984
,,,3.60E-06,0,,,,,3.60E-06,2.96000004
,,,4.00E-06,-2.00E-01,,,,,4.00E-06,2.96000004
,,,4.40E-06,0,,,,,4.40E-06,2.96000004
,,,4.80E-06,-2.00E-01,,,,,4.80E-06,2.91999984
,,,5.20E-06,2.00E-01,,,,,5.20E-06,2.91999984
,,,5.60E-06,0,,,,,5.60E-06,2.96000004
,,,6.00E-06,2.00E-01,,,,,6.00E-06,2.91999984
,,,6.40E-06,0,,,,,6.40E-06,2.91999984
,,,6.80E-06,-2.00E-01,,,,,6.80E-06,2.91999984
,,,7.20E-06,0,,,,,7.20E-06,2.91999984
,,,7.60E-06,0,,,,,7.60E-06,2.91999984
,,,8.00E-06,0,,,,,8.00E-06,3
,,,8.40E-06,0,,,,,8.40E-06,2.96000004
,,,8.80E-06,2.00E-01,,,,,8.80E-06,2.96000004
,,,9.20E-06,0,,,,,9.20E-06,2.96000004
,,,9.60E-06,0,,,,,9.60E-06,2.96000004
,,,1.00E-05,0,,,,,1.00E-05,2.96000004
,,,1.04E-05,0,,,,,1.04E-05,2.96000004
,,,1.08E-05,0,,,,,1.08E-05,2.96000004
,,,1.12E-05,2.00E-01,,,,,1.12E-05,2.96000004
,,,1.16E-05,0,,,,,1.16E-05,2.91999984
,,,1.20E-05,0,,,,,1.20E-05,2.96000004
,,,1.24E-05,0,,,,,1.24E-05,2.96000004
,,,1.28E-05,2.00E-01,,,,,1.28E-05,2.96000004
,,,1.32E-05,0,,,,,1.32E-05,2.91999984
,,,1.36E-05,0,,,,,1.36E-05,2.91999984
,,,1.40E-05,2.00E-01,,,,,1.40E-05,2.96000004
,,,1.44E-05,0,,,,,1.44E-05,2.91999984
,,,1.48E-05,0,,,,,1.48E-05,2.96000004
,,,1.52E-05,0,,,,,1.52E-05,2.91999984
,,,1.56E-05,-2.00E-01,,,,,1.56E-05,2.96000004
,,,1.60E-05,2.00E-01,,,,,1.60E-05,2.96000004
,,,1.64E-05,-2.00E-01,,,,,1.64E-05,2.96000004
,,,1.68E-05,0,,,,,1.68E-05,2.91999984
,,,1.72E-05,0,,,,,1.72E-05,2.96000004
,,,1.76E-05,-2.00E-01,,,,,1.76E-05,2.91999984
,,,1.80E-05,-2.00E-01,,,,,1.80E-05,3
,,,1.84E-05,0,,,,,1.84E-05,2.91999984
,,,1.88E-05,0,,,,,1.88E-05,2.96000004
,,,1.92E-05,0,,,,,1.92E-05,2.96000004
,,,1.96E-05,0,,,,,1.96E-05,2.96000004
,,,2.00E-05,0,,,,,2.00E-05,2.91999984
,,,2.04E-05,0,,,,,2.04E-05,3
,,,2.08E-05,0,,,,,2.08E-05,3
,,,2.12E-05,0,,,,,2.12E-05,2.96000004
,,,2.16E-05,0,,,,,2.16E-05,2.96000004
,,,2.20E-05,-2.00E-01,,,,,2.20E-05,2.91999984
,,,2.24E-05,-2.00E-01,,,,,2.24E-05,2.96000004
,,,2.28E-05,0,,,,,2.28E-05,2.96000004
,,,2.32E-05,0,,,,,2.32E-05,2.96000004
,,,2.36E-05,-2.00E-01,,,,,2.36E-05,2.96000004
,,,2.40E-05,0,,,,,2.40E-05,2.96000004
,,,2.44E-05,0,,,,,2.44E-05,2.96000004
,,,2.48E-05,0,,,,,2.48E-05,2.96000004
,,,2.52E-05,2.00E-01,,,,,2.52E-05,2.96000004
,,,2.56E-05,2.00E-01,,,,,2.56E-05,2.96000004
,,,2.60E-05,0,,,,,2.60E-05,2.96000004
,,,2.64E-05,0,,,,,2.64E-05,2.96000004
,,,2.68E-05,0,,,,,2.68E-05,2.91999984
,,,2.72E-05,0,,,,,2.72E-05,2.91999984
,,,2.76E-05,2.00E-01,,,,,2.76E-05,2.91999984
,,,2.80E-05,-2.00E-01,,,,,2.80E-05,3
,,,2.84E-05,0,,,,,2.84E-05,2.96000004
,,,2.88E-05,0,,,,,2.88E-05,2.91999984
,,,2.92E-05,-2.00E-01,,,,,2.92E-05,2.96000004
,,,2.96E-05,2.00E-01,,,,,2.96E-05,2.96000004
,,,3.00E-05,0,,,,,3.00E-05,2.91999984
,,,3.04E-05,0,,,,,3.04E-05,2.96000004
,,,3.08E-05,0,,,,,3.08E-05,2.96000004
,,,3.12E-05,0,,,,,3.12E-05,2.91999984
,,,3.16E-05,0,,,,,3.16E-05,2.96000004
,,,3.20E-05,0,,,,,3.20E-05,2.96000004
,,,3.24E-05,-2.00E-01,,,,,3.24E-05,2.96000004
,,,3.28E-05,2.00E-01,,,,,3.28E-05,2.96000004
,,,3.32E-05,0,,,,,3.32E-05,2.96000004
,,,3.36E-05,0,,,,,3.36E-05,2.96000004
,,,3.40E-05,-2.00E-01,,,,,3.40E-05,2.96000004
,,,3.44E-05,0,,,,,3.44E-05,2.96000004
,,,3.48E-05,-2.00E-01,,,,,3.48E-05,2.91999984
,,,3.52E-05,-2.00E-01,,,,,3.52E-05,3
,,,3.56E-05,-2.00E-01,,,,,3.56E-05,3
,,,3.60E-05,0,,,,,3.60E-05,3
,,,3.64E-05,-2.00E-01,,,,,3.64E-05,2.96000004
,,,3.68E-05,-2.00E-01,,,,,3.68E-05,2.96000004
,,,3.72E-05,0,,,,,3.72E-05,2.96000004
,,,3.76E-05,-2.00E-01,,,,,3.76E-05,3
,,,3.80E-05,-2.00E-01,,,,,3.80E-05,3
,,,3.84E-05,0,,,,,3.84E-05,2.96000004
,,,3.88E-05,-2.00E-01,,,,,3.88E-05,2.96000004
,,,3.92E-05,0,,,,,3.92E-05,2.96000004
,,,3.96E-05,2.00E-01,,,,,3.96E-05,2.96000004
,,,4.00E-05,0,,,,,4.00E-05,2.96000004
,,,4.04E-05,0,,,,,4.04E-05,2.91999984
,,,4.08E-05,0,,,,,4.08E-05,3
,,,4.12E-05,-2.00E-01,,,,,4.12E-05,2.96000004
,,,4.16E-05,-2.00E-01,,,,,4.16E-05,2.96000004
,,,4.20E-05,-2.00E-01,,,,,4.20E-05,2.91999984
,,,4.24E-05,0,,,,,4.24E-05,2.96000004
,,,4.28E-05,0,,,,,4.28E-05,2.96000004
,,,4.32E-05,0,,,,,4.32E-05,3
,,,4.36E-05,-2.00E-01,,,,,4.36E-05,2.91999984
,,,4.40E-05,0,,,,,4.40E-05,2.96000004
,,,4.44E-05,0,,,,,4.44E-05,2.91999984
,,,4.48E-05,0,,,,,4.48E-05,3
,,,4.52E-05,0,,,,,4.52E-05,2.96000004
,,,4.56E-05,0,,,,,4.56E-05,2.91999984
,,,4.60E-05,0,,,,,4.60E-05,2.96000004
,,,4.64E-05,2.00E-01,,,,,4.64E-05,2.96000004
,,,4.68E-05,0,,,,,4.68E-05,2.91999984
,,,4.72E-05,-2.00E-01,,,,,4.72E-05,2.96000004
,,,4.76E-05,0,,,,,4.76E-05,3
,,,4.80E-05,0,,,,,4.80E-05,2.91999984
,,,4.84E-05,0,,,,,4.84E-05,2.96000004
,,,4.88E-05,-2.00E-01,,,,,4.88E-05,2.96000004
,,,4.92E-05,0,,,,,4.92E-05,2.96000004
,,,4.96E-05,-2.00E-01,,,,,4.96E-05,2.96000004
,,,5.00E-05,0,,,,,5.00E-05,2.96000004
,,,5.04E-05,0,,,,,5.04E-05,3
,,,5.08E-05,2.00E-01,,,,,5.08E-05,2.96000004
,,,5.12E-05,-4.00E-01,,,,,5.12E-05,2.96000004
,,,5.16E-05,0,,,,,5.16E-05,2.96000004
,,,5.20E-05,0,,,,,5.20E-05,2.87999988
,,,5.24E-05,0,,,,,5.24E-05,2.96000004
,,,5.28E-05,-2.00E-01,,,,,5.28E-05,2.91999984
,,,5.32E-05,2.00E-01,,,,,5.32E-05,2.96000004
,,,5.36E-05,0,,,,,5.36E-05,2.96000004
,,,5.40E-05,0,,,,,5.40E-05,2.96000004
,,,5.44E-05,-2.00E-01,,,,,5.44E-05,3
,,,5.48E-05,-2.00E-01,,,,,5.48E-05,2.91999984
,,,5.52E-05,-2.00E-01,,,,,5.52E-05,2.96000004
,,,5.56E-05,-2.00E-01,,,,,5.56E-05,3
,,,5.60E-05,0,,,,,5.60E-05,3
,,,5.64E-05,2.00E-01,,,,,5.64E-05,2.96000004
,,,5.68E-05,0,,,,,5.68E-05,2.91999984
,,,5.72E-05,0,,,,,5.72E-05,2.96000004
,,,5.76E-05,-2.00E-01,,,,,5.76E-05,3
,,,5.80E-05,0,,,,,5.80E-05,2.96000004
,,,5.84E-05,-2.00E-01,,,,,5.84E-05,2.96000004
,,,5.88E-05,0,,,,,5.88E-05,2.96000004
,,,5.92E-05,0,,,,,5.92E-05,2.96000004
,,,5.96E-05,-2.00E-01,,,,,5.96E-05,2.96000004
,,,6.00E-05,0,,,,,6.00E-05,2.96000004
,,,6.04E-05,0,,,,,6.04E-05,2.91999984
,,,6.08E-05,0,,,,,6.08E-05,3
,,,6.12E-05,0,,,,,6.12E-05,2.96000004
,,,6.16E-05,-2.00E-01,,,,,6.16E-05,2.91999984
,,,6.20E-05,0,,,,,6.20E-05,2.96000004
,,,6.24E-05,2.00E-01,,,,,6.24E-05,2.96000004
,,,6.28E-05,-2.00E-01,,,,,6.28E-05,2.96000004
,,,6.32E-05,0,,,,,6.32E-05,2.96000004
,,,6.36E-05,0,,,,,6.36E-05,2.91999984
,,,6.40E-05,0,,,,,6.40E-05,2.96000004
,,,6.44E-05,2.00E-01,,,,,6.44E-05,2.96000004
,,,6.48E-05,0,,,,,6.48E-05,2.96000004
,,,6.52E-05,0,,,,,6.52E-05,2.96000004
,,,6.56E-05,2.00E-01,,,,,6.56E-05,2.91999984
,,,6.60E-05,0,,,,,6.60E-05,2.96000004
,,,6.64E-05,0,,,,,6.64E-05,2.91999984
,,,6.68E-05,0,,,,,6.68E-05,2.96000004
,,,6.72E-05,0,,,,,6.72E-05,2.91999984
,,,6.76E-05,-4.00E-01,,,,,6.76E-05,2.96000004
,,,6.80E-05,0,,,,,6.80E-05,3
,,,6.84E-05,0,,,,,6.84E-05,2.96000004
,,,6.88E-05,0,,,,,6.88E-05,2.96000004
,,,6.92E-05,0,,,,,6.92E-05,3
,,,6.96E-05,0,,,,,6.96E-05,2.96000004
,,,7.00E-05,2.00E-01,,,,,7.00E-05,2.96000004
,,,7.04E-05,0,,,,,7.04E-05,2.96000004
,,,7.08E-05,2.00E-01,,,,,7.08E-05,2.91999984
,,,7.12E-05,0,,,,,7.12E-05,2.96000004
,,,7.16E-05,-2.00E-01,,,,,7.16E-05,2.91999984
,,,7.20E-05,-2.00E-01,,,,,7.20E-05,2.96000004
,,,7.24E-05,0,,,,,7.24E-05,3
,,,7.28E-05,0,,,,,7.28E-05,2.96000004
,,,7.32E-05,0,,,,,7.32E-05,2.96000004
,,,7.36E-05,-2.00E-01,,,,,7.36E-05,3
,,,7.40E-05,-2.00E-01,,,,,7.40E-05,2.96000004
,,,7.44E-05,0,,,,,7.44E-05,2.91999984
,,,7.48E-05,0,,,,,7.48E-05,3
,,,7.52E-05,0,,,,,7.52E-05,2.91999984
,,,7.56E-05,-2.00E-01,,,,,7.56E-05,2.96000004
,,,7.60E-05,-2.00E-01,,,,,7.60E-05,2.96000004
,,,7.64E-05,0,,,,,7.64E-05,3
,,,7.68E-05,-2.00E-01,,,,,7.68E-05,2.96000004
,,,7.72E-05,-2.00E-01,,,,,7.72E-05,2.91999984
,,,7.76E-05,-2.00E-01,,,,,7.76E-05,2.96000004
,,,7.80E-05,0,,,,,7.80E-05,2.96000004
,,,7.84E-05,2.00E-01,,,,,7.84E-05,2.96000004
,,,7.88E-05,-2.00E-01,,,,,7.88E-05,2.96000004
,,,7.92E-05,0,,,,,7.92E-05,3
,,,7.96E-05,0,,,,,7.96E-05,2.96000004
,,,8.00E-05,-2.00E-01,,,,,8.00E-05,2.96000004
,,,8.04E-05,0,,,,,8.04E-05,2.96000004
,,,8.08E-05,-2.00E-01,,,,,8.08E-05,3
,,,8.12E-05,-2.00E-01,,,,,8.12E-05,2.96000004
,,,8.16E-05,-2.00E-01,,,,,8.16E-05,2.91999984
,,,8.20E-05,0,,,,,8.20E-05,3
,,,8.24E-05,0,,,,,8.24E-05,2.96000004
,,,8.28E-05,0,,,,,8.28E-05,2.96000004
,,,8.32E-05,0,,,,,8.32E-05,2.96000004
,,,8.36E-05,0,,,,,8.36E-05,2.96000004
,,,8.40E-05,0,,,,,8.40E-05,2.96000004
,,,8.44E-05,-2.00E-01,,,,,8.44E-05,2.91999984
,,,8.48E-05,0,,,,,8.48E-05,2.96000004
,,,8.52E-05,0,,,,,8.52E-05,2.96000004
,,,8.56E-05,0,,,,,8.56E-05,2.91999984
,,,8.60E-05,0,,,,,8.60E-05,2.96000004
,,,8.64E-05,0,,,,,8.64E-05,2.96000004
,,,8.68E-05,0,,,,,8.68E-05,2.96000004
,,,8.72E-05,-2.00E-01,,,,,8.72E-05,3
,,,8.76E-05,-2.00E-01,,,,,8.76E-05,2.96000004
,,,8.80E-05,2.00E-01,,,,,8.80E-05,2.96000004
,,,8.84E-05,-4.00E-01,,,,,8.84E-05,2.96000004
,,,8.88E-05,0,,,,,8.88E-05,3
,,,8.92E-05,0,,,,,8.92E-05,2.96000004
,,,8.96E-05,0,,,,,8.96E-05,3
,,,9.00E-05,2.00E-01,,,,,9.00E-05,2.96000004
,,,9.04E-05,4.00E-01,,,,,9.04E-05,3
,,,9.08E-05,-4.00E-01,,,,,9.08E-05,3
,,,9.12E-05,2.00E-01,,,,,9.12E-05,2.96000004
,,,9.16E-05,-2.00E-01,,,,,9.16E-05,2.96000004
,,,9.20E-05,0,,,,,9.20E-05,3
,,,9.24E-05,0,,,,,9.24E-05,2.96000004
,,,9.28E-05,0,,,,,9.28E-05,3
,,,9.32E-05,0,,,,,9.32E-05,3
,,,9.36E-05,0,,,,,9.36E-05,2.96000004
,,,9.40E-05,-2.00E-01,,,,,9.40E-05,2.96000004
,,,9.44E-05,0,,,,,9.44E-05,2.96000004
,,,9.48E-05,-2.00E-01,,,,,9.48E-05,2.96000004
,,,9.52E-05,2.00E-01,,,,,9.52E-05,2.96000004
,,,9.56E-05,0,,,,,9.56E-05,3
,,,9.60E-05,2.00E-01,,,,,9.60E-05,3
,,,9.64E-05,0,,,,,9.64E-05,2.91999984
,,,9.68E-05,-2.00E-01,,,,,9.68E-05,2.91999984
,,,9.72E-05,-2.00E-01,,,,,9.72E-05,2.96000004
,,,9.76E-05,-2.00E-01,,,,,9.76E-05,3
,,,9.80E-05,0,,,,,9.80E-05,2.96000004
,,,9.84E-05,-2.00E-01,,,,,9.84E-05,3
,,,9.88E-05,-2.00E-01,,,,,9.88E-05,2.96000004
,,,9.92E-05,0,,,,,9.92E-05,2.96000004
,,,9.96E-05,0,,,,,9.96E-05,2.96000004
,,,1.00E-04,0,,,,,1.00E-04,2.96000004
,,,1.00E-04,0,,,,,1.00E-04,2.96000004
,,,1.01E-04,0,,,,,1.01E-04,2.91999984
,,,1.01E-04,-2.00E-01,,,,,1.01E-04,2.96000004
,,,1.02E-04,2.00E-01,,,,,1.02E-04,2.96000004
,,,1.02E-04,2.00E-01,,,,,1.02E-04,3
,,,1.02E-04,-2.00E-01,,,,,1.02E-04,3
,,,1.03E-04,-2.00E-01,,,,,1.03E-04,3
,,,1.03E-04,-2.00E-01,,,,,1.03E-04,3
,,,1.04E-04,0,,,,,1.04E-04,2.91999984
,,,1.04E-04,0,,,,,1.04E-04,2.96000004
,,,1.04E-04,0,,,,,1.04E-04,3
,,,1.05E-04,0,,,,,1.05E-04,2.96000004
,,,1.05E-04,0,,,,,1.05E-04,3
,,,1.06E-04,0,,,,,1.06E-04,2.96000004
,,,1.06E-04,0,,,,,1.06E-04,2.96000004
,,,1.06E-04,-2.00E-01,,,,,1.06E-04,2.91999984
,,,1.07E-04,0,,,,,1.07E-04,2.96000004
,,,1.07E-04,-2.00E-01,,,,,1.07E-04,3
,,,1.08E-04,0,,,,,1.08E-04,2.96000004
,,,1.08E-04,2.00E-01,,,,,1.08E-04,3
,,,1.08E-04,2.00E-01,,,,,1.08E-04,2.96000004
,,,1.09E-04,0,,,,,1.09E-04,3
,,,1.09E-04,0,,,,,1.09E-04,3
,,,1.10E-04,0,,,,,1.10E-04,2.96000004
,,,1.10E-04,0,,,,,1.10E-04,2.96000004
,,,1.10E-04,0,,,,,1.10E-04,3
,,,1.11E-04,0,,,,,1.11E-04,2.96000004
,,,1.11E-04,0,,,,,1.11E-04,2.91999984
,,,1.12E-04,-2.00E-01,,,,,1.12E-04,2.96000004
,,,1.12E-04,2.00E-01,,,,,1.12E-04,2.96000004
,,,1.12E-04,0,,,,,1.12E-04,2.96000004
,,,1.13E-04,0,,,,,1.13E-04,2.96000004
,,,1.13E-04,-2.00E-01,,,,,1.13E-04,2.96000004
,,,1.14E-04,0,,,,,1.14E-04,2.96000004
,,,1.14E-04,0,,,,,1.14E-04,2.96000004
,,,1.14E-04,4.00E-01,,,,,1.14E-04,2.96000004
,,,1.15E-04,2.00E-01,,,,,1.15E-04,2.96000004
,,,1.15E-04,-2.00E-01,,,,,1.15E-04,2.96000004
,,,1.16E-04,-2.00E-01,,,,,1.16E-04,2.96000004
,,,1.16E-04,0,,,,,1.16E-04,2.96000004
,,,1.16E-04,0,,,,,1.16E-04,3
,,,1.17E-04,0,,,,,1.17E-04,3
,,,1.17E-04,2.00E-01,,,,,1.17E-04,3
,,,1.18E-04,0,,,,,1.18E-04,2.96000004
,,,1.18E-04,-2.00E-01,,,,,1.18E-04,2.96000004
,,,1.18E-04,0,,,,,1.18E-04,2.96000004
,,,1.19E-04,0,,,,,1.19E-04,3
,,,1.19E-04,0,,,,,1.19E-04,3
,,,1.20E-04,0,,,,,1.20E-04,2.96000004
,,,1.20E-04,2.00E-01,,,,,1.20E-04,3
,,,1.20E-04,0,,,,,1.20E-04,3
,,,1.21E-04,0,,,,,1.21E-04,3
,,,1.21E-04,-4.00E-01,,,,,1.21E-04,2.96000004
,,,1.22E-04,0,,,,,1.22E-04,2.96000004
,,,1.22E-04,0,,,,,1.22E-04,3
,,,1.22E-04,0,,,,,1.22E-04,2.96000004
,,,1.23E-04,0,,,,,1.23E-04,2.91999984
,,,1.23E-04,0,,,,,1.23E-04,2.96000004
,,,1.24E-04,-2.00E-01,,,,,1.24E-04,3
,,,1.24E-04,0,,,,,1.24E-04,2.96000004
,,,1.24E-04,0,,,,,1.24E-04,2.96000004
,,,1.25E-04,2.00E-01,,,,,1.25E-04,2.96000004
,,,1.25E-04,0,,,,,1.25E-04,2.91999984
,,,1.26E-04,0,,,,,1.26E-04,2.96000004
,,,1.26E-04,2.00E-01,,,,,1.26E-04,2.96000004
,,,1.26E-04,0,,,,,1.26E-04,2.96000004
,,,1.27E-04,-2.00E-01,,,,,1.27E-04,3.03999996
,,,1.27E-04,2.00E-01,,,,,1.27E-04,2.91999984
,,,1.28E-04,0,,,,,1.28E-04,2.96000004
,,,1.28E-04,-2.00E-01,,,,,1.28E-04,3
,,,1.28E-04,2.00E-01,,,,,1.28E-04,2.96000004
,,,1.29E-04,0,,,,,1.29E-04,2.96000004
,,,1.29E-04,0,,,,,1.29E-04,2.96000004
,,,1.30E-04,0,,,,,1.30E-04,2.96000004
,,,1.30E-04,2.00E-01,,,,,1.30E-04,3
,,,1.30E-04,0,,,,,1.30E-04,3
,,,1.31E-04,-2.00E-01,,,,,1.31E-04,2.96000004
,,,1.31E-04,0,,,,,1.31E-04,3
,,,1.32E-04,0,,,,,1.32E-04,2.96000004
,,,1.32E-04,0,,,,,1.32E-04,2.96000004
,,,1.32E-04,0,,,,,1.32E-04,3
,,,1.33E-04,0,,,,,1.33E-04,2.96000004
,,,1.33E-04,2.00E-01,,,,,1.33E-04,2.96000004
,,,1.34E-04,0,,,,,1.34E-04,2.96000004
,,,1.34E-04,-2.00E-01,,,,,1.34E-04,2.91999984
,,,1.34E-04,0,,,,,1.34E-04,2.96000004
,,,1.35E-04,0,,,,,1.35E-04,2.96000004
,,,1.35E-04,-2.00E-01,,,,,1.35E-04,3
,,,1.36E-04,2.00E-01,,,,,1.36E-04,2.96000004
,,,1.36E-04,-2.00E-01,,,,,1.36E-04,2.96000004
,,,1.36E-04,0,,,,,1.36E-04,2.91999984
,,,1.37E-04,0,,,,,1.37E-04,2.96000004
,,,1.37E-04,0,,,,,1.37E-04,2.96000004
,,,1.38E-04,0,,,,,1.38E-04,2.96000004
,,,1.38E-04,-2.00E-01,,,,,1.38E-04,2.96000004
,,,1.38E-04,-2.00E-01,,,,,1.38E-04,2.96000004
,,,1.39E-04,0,,,,,1.39E-04,2.91999984
,,,1.39E-04,0,,,,,1.39E-04,2.96000004
,,,1.40E-04,2.00E-01,,,,,1.40E-04,2.96000004
,,,1.40E-04,0,,,,,1.40E-04,3
,,,1.40E-04,2.00E-01,,,,,1.40E-04,2.96000004
,,,1.41E-04,0,,,,,1.41E-04,2.96000004
,,,1.41E-04,0,,,,,1.41E-04,2.96000004
,,,1.42E-04,0,,,,,1.42E-04,3
,,,1.42E-04,-2.00E-01,,,,,1.42E-04,3
,,,1.42E-04,0,,,,,1.42E-04,3
,,,1.43E-04,0,,,,,1.43E-04,2.96000004
,,,1.43E-04,0,,,,,1.43E-04,2.91999984
,,,1.44E-04,-2.00E-01,,,,,1.44E-04,2.96000004
,,,1.44E-04,0,,,,,1.44E-04,2.91999984
,,,1.44E-04,0,,,,,1.44E-04,3
,,,1.45E-04,0,,,,,1.45E-04,2.96000004
,,,1.45E-04,-2.00E-01,,,,,1.45E-04,2.91999984
,,,1.46E-04,0,,,,,1.46E-04,2.96000004
,,,1.46E-04,0,,,,,1.46E-04,2.96000004
,,,1.46E-04,-2.00E-01,,,,,1.46E-04,2.91999984
,,,1.47E-04,-2.00E-01,,,,,1.47E-04,2.96000004
,,,1.47E-04,0,,,,,1.47E-04,2.96000004
,,,1.48E-04,-2.00E-01,,,,,1.48E-04,2.96000004
,,,1.48E-04,0,,,,,1.48E-04,2.96000004
,,,1.48E-04,2.00E-01,,,,,1.48E-04,2.96000004
,,,1.49E-04,2.00E-01,,,,,1.49E-04,3
,,,1.49E-04,-2.00E-01,,,,,1.49E-04,3
,,,1.50E-04,2.00E-01,,,,,1.50E-04,2.96000004
,,,1.50E-04,0,,,,,1.50E-04,2.96000004
,,,1.50E-04,2.00E-01,,,,,1.50E-04,3
,,,1.51E-04,0,,,,,1.51E-04,2.91999984
,,,1.51E-04,2.00E-01,,,,,1.51E-04,2.96000004
,,,1.52E-04,0,,,,,1.52E-04,3
,,,1.52E-04,0,,,,,1.52E-04,3
,,,1.52E-04,0,,,,,1.52E-04,2.96000004
,,,1.53E-04,-2.00E-01,,,,,1.53E-04,2.96000004
,,,1.53E-04,2.00E-01,,,,,1.53E-04,3
,,,1.54E-04,0,,,,,1.54E-04,2.96000004
,,,1.54E-04,0,,,,,1.54E-04,3
,,,1.54E-04,0,,,,,1.54E-04,2.91999984
,,,1.55E-04,0,,,,,1.55E-04,2.96000004
,,,1.55E-04,-2.00E-01,,,,,1.55E-04,3
,,,1.56E-04,0,,,,,1.56E-04,3
,,,1.56E-04,0,,,,,1.56E-04,2.96000004
,,,1.56E-04,-2.00E-01,,,,,1.56E-04,2.96000004
,,,1.57E-04,0,,,,,1.57E-04,3
,,,1.57E-04,0,,,,,1.57E-04,2.96000004
,,,1.58E-04,-2.00E-01,,,,,1.58E-04,2.91999984
,,,1.58E-04,0,,,,,1.58E-04,2.91999984
,,,1.58E-04,0,,,,,1.58E-04,2.96000004
,,,1.59E-04,-2.00E-01,,,,,1.59E-04,2.96000004
,,,1.59E-04,-2.00E-01,,,,,1.59E-04,2.96000004
,,,1.60E-04,0,,,,,1.60E-04,3.03999996
,,,1.60E-04,0,,,,,1.60E-04,3
,,,1.60E-04,-2.00E-01,,,,,1.60E-04,2.96000004
,,,1.61E-04,-2.00E-01,,,,,1.61E-04,2.96000004
,,,1.61E-04,0,,,,,1.61E-04,2.96000004
,,,1.62E-04,-2.00E-01,,,,,1.62E-04,2.96000004
,,,1.62E-04,2.00E-01,,,,,1.62E-04,2.96000004
,,,1.62E-04,0,,,,,1.62E-04,3
,,,1.63E-04,0,,,,,1.63E-04,2.96000004
,,,1.63E-04,0,,,,,1.63E-04,2.96000004
,,,1.64E-04,0,,,,,1.64E-04,3
,,,1.64E-04,2.00E-01,,,,,1.64E-04,2.91999984
,,,1.64E-04,0,,,,,1.64E-04,2.96000004
,,,1.65E-04,-2.00E-01,,,,,1.65E-04,2.96000004
,,,1.65E-04,0,,,,,1.65E-04,3
,,,1.66E-04,0,,,,,1.66E-04,2.96000004
,,,1.66E-04,-2.00E-01,,,,,1.66E-04,2.96000004
,,,1.66E-04,-2.00E-01,,,,,1.66E-04,3.03999996
,,,1.67E-04,0,,,,,1.67E-04,2.96000004
,,,1.67E-04,2.00E-01,,,,,1.67E-04,2.96000004
,,,1.68E-04,-2.00E-01,,,,,1.68E-04,3
,,,1.68E-04,2.00E-01,,,,,1.68E-04,2.96000004
,,,1.68E-04,0,,,,,1.68E-04,3
,,,1.69E-04,0,,,,,1.69E-04,2.96000004
,,,1.69E-04,0,,,,,1.69E-04,3
,,,1.70E-04,2.00E-01,,,,,1.70E-04,2.91999984
,,,1.70E-04,-2.00E-01,,,,,1.70E-04,2.96000004
,,,1.70E-04,0,,,,,1.70E-04,2.96000004
,,,1.71E-04,0,,,,,1.71E-04,2.96000004
,,,1.71E-04,0,,,,,1.71E-04,2.96000004
,,,1.72E-04,0,,,,,1.72E-04,2.91999984
,,,1.72E-04,2.00E-01,,,,,1.72E-04,2.96000004
,,,1.72E-04,0,,,,,1.72E-04,3
,,,1.73E-04,0,,,,,1.73E-04,2.96000004
,,,1.73E-04,0,,,,,1.73E-04,2.96000004
,,,1.74E-04,0,,,,,1.74E-04,2.96000004
,,,1.74E-04,-2.00E-01,,,,,1.74E-04,2.91999984
,,,1.74E-04,-2.00E-01,,,,,1.74E-04,2.96000004
,,,1.75E-04,0,,,,,1.75E-04,3
,,,1.75E-04,0,,,,,1.75E-04,2.96000004
,,,1.76E-04,-2.00E-01,,,,,1.76E-04,2.91999984
,,,1.76E-04,-2.00E-01,,,,,1.76E-04,2.91999984
,,,1.76E-04,0,,,,,1.76E-04,3
,,,1.77E-04,0,,,,,1.77E-04,2.96000004
,,,1.77E-04,-2.00E-01,,,,,1.77E-04,3
,,,1.78E-04,0,,,,,1.78E-04,3
,,,1.78E-04,0,,,,,1.78E-04,2.96000004
,,,1.78E-04,-2.00E-01,,,,,1.78E-04,2.96000004
,,,1.79E-04,0,,,,,1.79E-04,2.91999984
,,,1.79E-04,0,,,,,1.79E-04,2.96000004
,,,1.80E-04,0,,,,,1.80E-04,2.96000004
,,,1.80E-04,2.00E-01,,,,,1.80E-04,3
,,,1.80E-04,-2.00E-01,,,,,1.80E-04,2.91999984
,,,1.81E-04,-2.00E-01,,,,,1.81E-04,2.96000004
,,,1.81E-04,0,,,,,1.81E-04,2.96000004
,,,1.82E-04,0,,,,,1.82E-04,2.96000004
,,,1.82E-04,-2.00E-01,,,,,1.82E-04,2.96000004
,,,1.82E-04,-2.00E-01,,,,,1.82E-04,2.96000004
,,,1.83E-04,2.00E-01,,,,,1.83E-04,2.96000004
,,,1.83E-04,2.00E-01,,,,,1.83E-04,3
,,,1.84E-04,0,,,,,1.84E-04,2.96000004
,,,1.84E-04,0,,,,,1.84E-04,3
,,,1.84E-04,0,,,,,1.84E-04,3
,,,1.85E-04,0,,,,,1.85E-04,2.96000004
,,,1.85E-04,0,,,,,1.85E-04,2.96000004
,,,1.86E-04,0,,,,,1.86E-04,2.96000004
,,,1.86E-04,0,,,,,1.86E-04,2.91999984
,,,1.86E-04,-2.00E-01,,,,,1.86E-04,2.96000004
,,,1.87E-04,0,,,,,1.87E-04,3
,,,1.87E-04,0,,,,,1.87E-04,2.91999984
,,,1.88E-04,-2.00E-01,,,,,1.88E-04,2.96000004
,,,1.88E-04,2.00E-01,,,,,1.88E-04,2.96000004
,,,1.88E-04,2.00E-01,,,,,1.88E-04,2.91999984
,,,1.89E-04,0,,,,,1.89E-04,3
,,,1.89E-04,0,,,,,1.89E-04,3
,,,1.90E-04,0,,,,,1.90E-04,3
,,,1.90E-04,0,,,,,1.90E-04,2.96000004
,,,1.90E-04,0,,,,,1.90E-04,2.96000004
,,,1.91E-04,0,,,,,1.91E-04,2.91999984
,,,1.91E-04,0,,,,,1.91E-04,2.96000004
,,,1.92E-04,-2.00E-01,,,,,1.92E-04,2.96000004
,,,1.92E-04,0,,,,,1.92E-04,2.96000004
,,,1.92E-04,0,,,,,1.92E-04,3
,,,1.93E-04,-2.00E-01,,,,,1.93E-04,3
,,,1.93E-04,0,,,,,1.93E-04,2.91999984
,,,1.94E-04,0,,,,,1.94E-04,2.96000004
,,,1.94E-04,-2.00E-01,,,,,1.94E-04,2.91999984
,,,1.94E-04,2.00E-01,,,,,1.94E-04,2.96000004
,,,1.95E-04,-2.00E-01,,,,,1.95E-04,3
,,,1.95E-04,-2.00E-01,,,,,1.95E-04,2.96000004
,,,1.96E-04,-2.00E-01,,,,,1.96E-04,2.96000004
,,,1.96E-04,-2.00E-01,,,,,1.96E-04,3.03999996
,,,1.96E-04,0,,,,,1.96E-04,2.96000004
,,,1.97E-04,-2.00E-01,,,,,1.97E-04,2.96000004
,,,1.97E-04,-2.00E-01,,,,,1.97E-04,2.96000004
,,,1.98E-04,0,,,,,1.98E-04,2.96000004
,,,1.98E-04,-2.00E-01,,,,,1.98E-04,2.96000004
,,,1.98E-04,0,,,,,1.98E-04,2.96000004
,,,1.99E-04,0,,,,,1.99E-04,2.96000004
,,,1.99E-04,0,,,,,1.99E-04,2.96000004
,,,2.00E-04,0,,,,,2.00E-04,2.96000004
,,,2.00E-04,-2.00E-01,,,,,2.00E-04,2.96000004
,,,2.00E-04,-2.00E-01,,,,,2.00E-04,2.96000004
,,,2.01E-04,2.00E-01,,,,,2.01E-04,3
,,,2.01E-04,-2.00E-01,,,,,2.01E-04,2.96000004
,,,2.02E-04,0,,,,,2.02E-04,2.96000004
,,,2.02E-04,-2.00E-01,,,,,2.02E-04,2.91999984
,,,2.02E-04,0,,,,,2.02E-04,2.96000004
,,,2.03E-04,-2.00E-01,,,,,2.03E-04,3
,,,2.03E-04,0,,,,,2.03E-04,2.96000004
,,,2.04E-04,2.00E-01,,,,,2.04E-04,3
,,,2.04E-04,0,,,,,2.04E-04,2.96000004
,,,2.04E-04,-2.00E-01,,,,,2.04E-04,2.96000004
,,,2.05E-04,-2.00E-01,,,,,2.05E-04,2.96000004
,,,2.05E-04,0,,,,,2.05E-04,2.91999984
,,,2.06E-04,-2.00E-01,,,,,2.06E-04,2.87999988
,,,2.06E-04,0,,,,,2.06E-04,3
,,,2.06E-04,0,,,,,2.06E-04,2.96000004
,,,2.07E-04,0,,,,,2.07E-04,2.96000004
,,,2.07E-04,-2.00E-01,,,,,2.07E-04,3.03999996
,,,2.08E-04,0,,,,,2.08E-04,2.96000004
,,,2.08E-04,0,,,,,2.08E-04,3
,,,2.08E-04,0,,,,,2.08E-04,2.96000004
,,,2.09E-04,0,,,,,2.09E-04,3
,,,2.09E-04,2.00E-01,,,,,2.09E-04,2.91999984
,,,2.10E-04,0,,,,,2.10E-04,2.96000004
,,,2.10E-04,0,,,,,2.10E-04,2.96000004
,,,2.10E-04,0,,,,,2.10E-04,2.96000004
,,,2.11E-04,2.00E-01,,,,,2.11E-04,2.91999984
,,,2.11E-04,0,,,,,2.11E-04,2.91999984
,,,2.12E-04,0,,,,,2.12E-04,2.96000004
,,,2.12E-04,0,,,,,2.12E-04,2.96000004
,,,2.12E-04,0,,,,,2.12E-04,2.96000004
,,,2.13E-04,0,,,,,2.13E-04,3
,,,2.13E-04,0,,,,,2.13E-04,2.96000004
,,,2.14E-04,0,,,,,2.14E-04,2.96000004
,,,2.14E-04,0,,,,,2.14E-04,2.96000004
,,,2.14E-04,0,,,,,2.14E-04,2.96000004
,,,2.15E-04,2.00E-01,,,,,2.15E-04,2.96000004
,,,2.15E-04,-2.00E-01,,,,,2.15E-04,2.91999984
,,,2.16E-04,2.00E-01,,,,,2.16E-04,2.91999984
,,,2.16E-04,-2.00E-01,,,,,2.16E-04,3.03999996
,,,2.16E-04,0,,,,,2.16E-04,3
,,,2.17E-04,0,,,,,2.17E-04,2.96000004
,,,2.17E-04,0,,,,,2.17E-04,3
,,,2.18E-04,2.00E-01,,,,,2.18E-04,3
,,,2.18E-04,0,,,,,2.18E-04,2.96000004
,,,2.18E-04,0,,,,,2.18E-04,2.96000004
,,,2.19E-04,0,,,,,2.19E-04,2.96000004
,,,2.19E-04,0,,,,,2.19E-04,3.03999996
,,,2.20E-04,0,,,,,2.20E-04,3
,,,2.20E-04,0,,,,,2.20E-04,2.91999984
,,,2.20E-04,0,,,,,2.20E-04,2.96000004
,,,2.21E-04,2.00E-01,,,,,2.21E-04,2.96000004
,,,2.21E-04,-2.00E-01,,,,,2.21E-04,2.91999984
,,,2.22E-04,-2.00E-01,,,,,2.22E-04,3
,,,2.22E-04,2.00E-01,,,,,2.22E-04,3
,,,2.22E-04,0,,,,,2.22E-04,2.96000004
,,,2.23E-04,0,,,,,2.23E-04,3
,,,2.23E-04,2.00E-01,,,,,2.23E-04,2.96000004
,,,2.24E-04,0,,,,,2.24E-04,2.91999984
,,,2.24E-04,0,,,,,2.24E-04,2.96000004
,,,2.24E-04,0,,,,,2.24E-04,2.96000004
,,,2.25E-04,0,,,,,2.25E-04,2.91999984
,,,2.25E-04,-2.00E-01,,,,,2.25E-04,2.91999984
,,,2.26E-04,0,,,,,2.26E-04,2.91999984
,,,2.26E-04,-2.00E-01,,,,,2.26E-04,3
,,,2.26E-04,0,,,,,2.26E-04,3
,,,2.27E-04,2.00E-01,,,,,2.27E-04,2.96000004
,,,2.27E-04,0,,,,,2.27E-04,2.96000004
,,,2.28E-04,2.00E-01,,,,,2.28E-04,2.96000004
,,,2.28E-04,2.00E-01,,,,,2.28E-04,3
,,,2.28E-04,2.00E-01,,,,,2.28E-04,2.96000004
,,,2.29E-04,4.00E-01,,,,,2.29E-04,3
,,,2.29E-04,0,,,,,2.29E-04,3
,,,2.30E-04,0,,,,,2.30E-04,2.96000004
,,,2.30E-04,0,,,,,2.30E-04,2.91999984
,,,2.30E-04,0,,,,,2.30E-04,2.96000004
,,,2.31E-04,0,,,,,2.31E-04,3
,,,2.31E-04,2.00E-01,,,,,2.31E-04,3
,,,2.32E-04,0,,,,,2.32E-04,2.96000004
,,,2.32E-04,2.00E-01,,,,,2.32E-04,2.96000004
,,,2.32E-04,0,,,,,2.32E-04,2.96000004
,,,2.33E-04,-2.00E-01,,,,,2.33E-04,2.96000004
,,,2.33E-04,0,,,,,2.33E-04,2.96000004
,,,2.34E-04,0,,,,,2.34E-04,3
,,,2.34E-04,0,,,,,2.34E-04,3
,,,2.34E-04,0,,,,,2.34E-04,2.96000004
,,,2.35E-04,0,,,,,2.35E-04,2.96000004
,,,2.35E-04,0,,,,,2.35E-04,2.96000004
,,,2.36E-04,0,,,,,2.36E-04,2.91999984
,,,2.36E-04,0,,,,,2.36E-04,3
,,,2.36E-04,-2.00E-01,,,,,2.36E-04,2.96000004
,,,2.37E-04,-2.00E-01,,,,,2.37E-04,2.96000004
,,,2.37E-04,2.00E-01,,,,,2.37E-04,2.96000004
,,,2.38E-04,2.00E-01,,,,,2.38E-04,3
,,,2.38E-04,0,,,,,2.38E-04,2.96000004
,,,2.38E-04,2.00E-01,,,,,2.38E-04,2.96000004
,,,2.39E-04,2.00E-01,,,,,2.39E-04,3
,,,2.39E-04,0,,,,,2.39E-04,3
,,,2.40E-04,-2.00E-01,,,,,2.40E-04,2.96000004
,,,2.40E-04,-2.00E-01,,,,,2.40E-04,2.91999984
,,,2.40E-04,0,,,,,2.40E-04,2.96000004
,,,2.41E-04,2.00E-01,,,,,2.41E-04,3
,,,2.41E-04,2.00E-01,,,,,2.41E-04,2.96000004
,,,2.42E-04,0,,,,,2.42E-04,2.91999984
,,,2.42E-04,0,,,,,2.42E-04,2.91999984
,,,2.42E-04,0,,,,,2.42E-04,2.96000004
,,,2.43E-04,2.00E-01,,,,,2.43E-04,2.91999984
,,,2.43E-04,-2.00E-01,,,,,2.43E-04,3
,,,2.44E-04,0,,,,,2.44E-04,2.96000004
,,,2.44E-04,0,,,,,2.44E-04,3
,,,2.44E-04,0,,,,,2.44E-04,2.96000004
,,,2.45E-04,0,,,,,2.45E-04,2.96000004
,,,2.45E-04,0,,,,,2.45E-04,2.96000004
,,,2.46E-04,0,,,,,2.46E-04,3
,,,2.46E-04,0,,,,,2.46E-04,2.96000004
,,,2.46E-04,0,,,,,2.46E-04,2.96000004
,,,2.47E-04,0,,,,,2.47E-04,2.96000004
,,,2.47E-04,2.00E-01,,,,,2.47E-04,2.96000004
,,,2.48E-04,0,,,,,2.48E-04,2.96000004
,,,2.48E-04,2.00E-01,,,,,2.48E-04,2.96000004
,,,2.48E-04,2.00E-01,,,,,2.48E-04,3
,,,2.49E-04,4.00E-01,,,,,2.49E-04,2.96000004
,,,2.49E-04,0,,,,,2.49E-04,3
,,,2.50E-04,0,,,,,2.50E-04,2.96000004
,,,2.50E-04,2.00E-01,,,,,2.50E-04,2.96000004
,,,2.50E-04,2.00E-01,,,,,2.50E-04,2.91999984
,,,2.51E-04,2.00E-01,,,,,2.51E-04,2.91999984
,,,2.51E-04,2.00E-01,,,,,2.51E-04,3
,,,2.52E-04,0,,,,,2.52E-04,3
,,,2.52E-04,2.00E-01,,,,,2.52E-04,2.96000004
,,,2.52E-04,0,,,,,2.52E-04,2.96000004
,,,2.53E-04,0,,,,,2.53E-04,2.96000004
,,,2.53E-04,0,,,,,2.53E-04,2.96000004
,,,2.54E-04,2.00E-01,,,,,2.54E-04,3
,,,2.54E-04,2.00E-01,,,,,2.54E-04,2.96000004
,,,2.54E-04,2.00E-01,,,,,2.54E-04,3
,,,2.55E-04,0,,,,,2.55E-04,2.91999984
,,,2.55E-04,2.00E-01,,,,,2.55E-04,2.96000004
,,,2.56E-04,0,,,,,2.56E-04,3
,,,2.56E-04,0,,,,,2.56E-04,2.96000004
,,,2.56E-04,0,,,,,2.56E-04,2.96000004
,,,2.57E-04,2.00E-01,,,,,2.57E-04,2.96000004
,,,2.57E-04,0,,,,,2.57E-04,2.96000004
,,,2.58E-04,0,,,,,2.58E-04,2.91999984
,,,2.58E-04,0,,,,,2.58E-04,2.96000004
,,,2.58E-04,0,,,,,2.58E-04,2.96000004
,,,2.59E-04,2.00E-01,,,,,2.59E-04,2.96000004
,,,2.59E-04,2.00E-01,,,,,2.59E-04,2.96000004
,,,2.60E-04,0,,,,,2.60E-04,2.96000004
,,,2.60E-04,0,,,,,2.60E-04,2.91999984
,,,2.60E-04,2.00E-01,,,,,2.60E-04,3
,,,2.61E-04,2.00E-01,,,,,2.61E-04,2.96000004
,,,2.61E-04,0,,,,,2.61E-04,2.91999984
,,,2.62E-04,2.00E-01,,,,,2.62E-04,2.96000004
,,,2.62E-04,0,,,,,2.62E-04,2.96000004
,,,2.62E-04,2.00E-01,,,,,2.62E-04,3
,,,2.63E-04,0,,,,,2.63E-04,2.96000004
,,,2.63E-04,2.00E-01,,,,,2.63E-04,2.91999984
,,,2.64E-04,2.00E-01,,,,,2.64E-04,2.96000004
,,,2.64E-04,2.00E-01,,,,,2.64E-04,3
,,,2.64E-04,2.00E-01,,,,,2.64E-04,2.91999984
,,,2.65E-04,0,,,,,2.65E-04,2.91999984
,,,2.65E-04,2.00E-01,,,,,2.65E-04,2.91999984
,,,2.66E-04,0,,,,,2.66E-04,3
,,,2.66E-04,2.00E-01,,,,,2.66E-04,3
,,,2.66E-04,2.00E-01,,,,,2.66E-04,2.91999984
,,,2.67E-04,2.00E-01,,,,,2.67E-04,2.96000004
,,,2.67E-04,4.00E-01,,,,,2.67E-04,2.96000004
,,,2.68E-04,4.00E-01,,,,,2.68E-04,2.96000004
,,,2.68E-04,2.00E-01,,,,,2.68E-04,2.96000004
,,,2.68E-04,4.00E-01,,,,,2.68E-04,3
,,,2.69E-04,2.00E-01,,,,,2.69E-04,2.96000004
,,,2.69E-04,2.00E-01,,,,,2.69E-04,2.96000004
,,,2.70E-04,0,,,,,2.70E-04,2.91999984
,,,2.70E-04,2.00E-01,,,,,2.70E-04,2.91999984
,,,2.70E-04,2.00E-01,,,,,2.70E-04,2.96000004
,,,2.71E-04,2.00E-01,,,,,2.71E-04,2.96000004
,,,2.71E-04,2.00E-01,,,,,2.71E-04,2.91999984
,,,2.72E-04,4.00E-01,,,,,2.72E-04,2.96000004
,,,2.72E-04,2.00E-01,,,,,2.72E-04,3
,,,2.72E-04,2.00E-01,,,,,2.72E-04,3
,,,2.73E-04,4.00E-01,,,,,2.73E-04,3
,,,2.73E-04,2.00E-01,,,,,2.73E-04,3
,,,2.74E-04,4.00E-01,,,,,2.74E-04,3
,,,2.74E-04,0,,,,,2.74E-04,2.91999984
,,,2.74E-04,4.00E-01,,,,,2.74E-04,2.96000004
,,,2.75E-04,4.00E-01,,,,,2.75E-04,2.91999984
,,,2.75E-04,2.00E-01,,,,,2.75E-04,3
,,,2.76E-04,2.00E-01,,,,,2.76E-04,3
,,,2.76E-04,4.00E-01,,,,,2.76E-04,3
,,,2.76E-04,4.00E-01,,,,,2.76E-04,2.96000004
,,,2.77E-04,4.00E-01,,,,,2.77E-04,3
,,,2.77E-04,4.00E-01,,,,,2.77E-04,3
,,,2.78E-04,4.00E-01,,,,,2.78E-04,3
,,,2.78E-04,2.00E-01,,,,,2.78E-04,2.96000004
,,,2.78E-04,2.00E-01,,,,,2.78E-04,3
,,,2.79E-04,2.00E-01,,,,,2.79E-04,3
,,,2.79E-04,4.00E-01,,,,,2.79E-04,2.96000004
,,,2.80E-04,2.00E-01,,,,,2.80E-04,2.91999984
,,,2.80E-04,4.00E-01,,,,,2.80E-04,2.87999988
,,,2.80E-04,4.00E-01,,,,,2.80E-04,2.91999984
,,,2.81E-04,4.00E-01,,,,,2.81E-04,2.96000004
,,,2.81E-04,4.00E-01,,,,,2.81E-04,2.91999984
,,,2.82E-04,4.00E-01,,,,,2.82E-04,2.91999984
,,,2.82E-04,4.00E-01,,,,,2.82E-04,2.91999984
,,,2.82E-04,4.00E-01,,,,,2.82E-04,2.96000004
,,,2.83E-04,2.00E-01,,,,,2.83E-04,2.96000004
,,,2.83E-04,4.00E-01,,,,,2.83E-04,2.96000004
,,,2.84E-04,4.00E-01,,,,,2.84E-04,2.96000004
,,,2.84E-04,2.00E-01,,,,,2.84E-04,2.96000004
,,,2.84E-04,4.00E-01,,,,,2.84E-04,2.96000004
,,,2.85E-04,2.00E-01,,,,,2.85E-04,2.96000004
,,,2.85E-04,4.00E-01,,,,,2.85E-04,3.03999996
,,,2.86E-04,4.00E-01,,,,,2.86E-04,2.96000004
,,,2.86E-04,4.00E-01,,,,,2.86E-04,2.96000004
,,,2.86E-04,4.00E-01,,,,,2.86E-04,2.96000004
,,,2.87E-04,6.00E-01,,,,,2.87E-04,3
,,,2.87E-04,4.00E-01,,,,,2.87E-04,2.96000004
,,,2.88E-04,2.00E-01,,,,,2.88E-04,2.96000004
,,,2.88E-04,6.00E-01,,,,,2.88E-04,2.91999984
,,,2.88E-04,6.00E-01,,,,,2.88E-04,2.96000004
,,,2.89E-04,4.00E-01,,,,,2.89E-04,2.96000004
,,,2.89E-04,2.00E-01,,,,,2.89E-04,2.96000004
,,,2.90E-04,4.00E-01,,,,,2.90E-04,2.96000004
,,,2.90E-04,6.00E-01,,,,,2.90E-04,2.96000004
,,,2.90E-04,2.00E-01,,,,,2.90E-04,2.96000004
,,,2.91E-04,6.00E-01,,,,,2.91E-04,3
,,,2.91E-04,4.00E-01,,,,,2.91E-04,2.91999984
,,,2.92E-04,6.00E-01,,,,,2.92E-04,2.96000004
,,,2.92E-04,6.00E-01,,,,,2.92E-04,3
,,,2.92E-04,6.00E-01,,,,,2.92E-04,3
,,,2.93E-04,2.00E-01,,,,,2.93E-04,2.91999984
,,,2.93E-04,4.00E-01,,,,,2.93E-04,2.96000004
,,,2.94E-04,6.00E-01,,,,,2.94E-04,2.96000004
,,,2.94E-04,6.00E-01,,,,,2.94E-04,2.96000004
,,,2.94E-04,4.00E-01,,,,,2.94E-04,2.91999984
,,,2.95E-04,4.00E-01,,,,,2.95E-04,2.96000004
,,,2.95E-04,2.00E-01,,,,,2.95E-04,3
,,,2.96E-04,4.00E-01,,,,,2.96E-04,3
,,,2.96E-04,4.00E-01,,,,,2.96E-04,2.96000004
,,,2.96E-04,4.00E-01,,,,,2.96E-04,3
,,,2.97E-04,6.00E-01,,,,,2.97E-04,2.96000004
,,,2.97E-04,6.00E-01,,,,,2.97E-04,2.96000004
,,,2.98E-04,6.00E-01,,,,,2.98E-04,3
,,,2.98E-04,4.00E-01,,,,,2.98E-04,2.87999988
,,,2.98E-04,6.00E-01,,,,,2.98E-04,3
,,,2.99E-04,6.00E-01,,,,,2.99E-04,2.96000004
,,,2.99E-04,2.00E-01,,,,,2.99E-04,2.91999984
,,,3.00E-04,4.00E-01,,,,,3.00E-04,2.96000004
,,,3.00E-04,4.00E-01,,,,,3.00E-04,3
,,,3.00E-04,4.00E-01,,,,,3.00E-04,2.96000004
,,,3.01E-04,6.00E-01,,,,,3.01E-04,2.96000004
,,,3.01E-04,6.00E-01,,,,,3.01E-04,2.96000004
,,,3.02E-04,6.00E-01,,,,,3.02E-04,2.96000004
,,,3.02E-04,6.00E-01,,,,,3.02E-04,2.96000004
,,,3.02E-04,8.00E-01,,,,,3.02E-04,2.91999984
,,,3.03E-04,4.00E-01,,,,,3.03E-04,3
,,,3.03E-04,6.00E-01,,,,,3.03E-04,2.96000004
,,,3.04E-04,4.00E-01,,,,,3.04E-04,2.96000004
,,,3.04E-04,6.00E-01,,,,,3.04E-04,2.96000004
,,,3.04E-04,4.00E-01,,,,,3.04E-04,2.96000004
,,,3.05E-04,6.00E-01,,,,,3.05E-04,2.91999984
,,,3.05E-04,2.00E-01,,,,,3.05E-04,2.96000004
,,,3.06E-04,6.00E-01,,,,,3.06E-04,3
,,,3.06E-04,8.00E-01,,,,,3.06E-04,3
,,,3.06E-04,8.00E-01,,,,,3.06E-04,2.91999984
,,,3.07E-04,8.00E-01,,,,,3.07E-04,2.96000004
,,,3.07E-04,6.00E-01,,,,,3.07E-04,3
,,,3.08E-04,6.00E-01,,,,,3.08E-04,3
,,,3.08E-04,8.00E-01,,,,,3.08E-04,2.96000004
,,,3.08E-04,8.00E-01,,,,,3.08E-04,3
,,,3.09E-04,8.00E-01,,,,,3.09E-04,2.96000004
,,,3.09E-04,6.00E-01,,,,,3.09E-04,2.96000004
,,,3.10E-04,8.00E-01,,,,,3.10E-04,2.96000004
,,,3.10E-04,8.00E-01,,,,,3.10E-04,2.96000004
,,,3.10E-04,8.00E-01,,,,,3.10E-04,3
,,,3.11E-04,6.00E-01,,,,,3.11E-04,2.96000004
,,,3.11E-04,6.00E-01,,,,,3.11E-04,2.96000004
,,,3.12E-04,6.00E-01,,,,,3.12E-04,2.96000004
,,,3.12E-04,8.00E-01,,,,,3.12E-04,2.96000004
,,,3.12E-04,6.00E-01,,,,,3.12E-04,2.96000004
,,,3.13E-04,8.00E-01,,,,,3.13E-04,2.91999984
,,,3.13E-04,8.00E-01,,,,,3.13E-04,3
,,,3.14E-04,6.00E-01,,,,,3.14E-04,2.96000004
,,,3.14E-04,6.00E-01,,,,,3.14E-04,3
,,,3.14E-04,1,,,,,3.14E-04,2.96000004
,,,3.15E-04,6.00E-01,,,,,3.15E-04,2.96000004
,,,3.15E-04,1,,,,,3.15E-04,2.96000004
,,,3.16E-04,8.00E-01,,,,,3.16E-04,2.96000004
,,,3.16E-04,8.00E-01,,,,,3.16E-04,2.91999984
,,,3.16E-04,6.00E-01,,,,,3.16E-04,2.96000004
,,,3.17E-04,6.00E-01,,,,,3.17E-04,2.96000004
,,,3.17E-04,8.00E-01,,,,,3.17E-04,2.96000004
,,,3.18E-04,6.00E-01,,,,,3.18E-04,2.96000004
,,,3.18E-04,8.00E-01,,,,,3.18E-04,3
,,,3.18E-04,8.00E-01,,,,,3.18E-04,3
,,,3.19E-04,6.00E-01,,,,,3.19E-04,2.96000004
,,,3.19E-04,6.00E-01,,,,,3.19E-04,2.96000004
,,,3.20E-04,6.00E-01,,,,,3.20E-04,2.96000004
,,,3.20E-04,8.00E-01,,,,,3.20E-04,3
,,,3.20E-04,8.00E-01,,,,,3.20E-04,2.96000004
,,,3.21E-04,6.00E-01,,,,,3.21E-04,2.96000004
,,,3.21E-04,1,,,,,3.21E-04,2.96000004
,,,3.22E-04,1,,,,,3.22E-04,2.96000004
,,,3.22E-04,8.00E-01,,,,,3.22E-04,2.96000004
,,,3.22E-04,1.2,,,,,3.22E-04,2.96000004
,,,3.23E-04,1,,,,,3.23E-04,2.96000004
,,,3.23E-04,1,,,,,3.23E-04,2.96000004
,,,3.24E-04,8.00E-01,,,,,3.24E-04,2.96000004
,,,3.24E-04,1,,,,,3.24E-04,2.96000004
,,,3.24E-04,1,,,,,3.24E-04,2.96000004
,,,3.25E-04,8.00E-01,,,,,3.25E-04,3
,,,3.25E-04,1,,,,,3.25E-04,3
,,,3.26E-04,1,,,,,3.26E-04,2.96000004
,,,3.26E-04,1,,,,,3.26E-04,2.96000004
,,,3.26E-04,1,,,,,3.26E-04,2.96000004
,,,3.27E-04,8.00E-01,,,,,3.27E-04,2.96000004
,,,3.27E-04,1.2,,,,,3.27E-04,2.96000004
,,,3.28E-04,8.00E-01,,,,,3.28E-04,3
,,,3.28E-04,8.00E-01,,,,,3.28E-04,3
,,,3.28E-04,8.00E-01,,,,,3.28E-04,3
,,,3.29E-04,1,,,,,3.29E-04,2.91999984
,,,3.29E-04,1,,,,,3.29E-04,2.91999984
,,,3.30E-04,1,,,,,3.30E-04,3
,,,3.30E-04,1,,,,,3.30E-04,2.96000004
,,,3.30E-04,1,,,,,3.30E-04,3
,,,3.31E-04,1.2,,,,,3.31E-04,2.96000004
,,,3.31E-04,1.2,,,,,3.31E-04,2.96000004
,,,3.32E-04,8.00E-01,,,,,3.32E-04,2.96000004
,,,3.32E-04,1,,,,,3.32E-04,2.96000004
,,,3.32E-04,8.00E-01,,,,,3.32E-04,2.96000004
,,,3.33E-04,1,,,,,3.33E-04,2.96000004
,,,3.33E-04,8.00E-01,,,,,3.33E-04,2.96000004
,,,3.34E-04,1,,,,,3.34E-04,3
,,,3.34E-04,1,,,,,3.34E-04,2.91999984
,,,3.34E-04,1,,,,,3.34E-04,3
,,,3.35E-04,1.2,,,,,3.35E-04,3.03999996
,,,3.35E-04,1,,,,,3.35E-04,2.96000004
,,,3.36E-04,1,,,,,3.36E-04,2.96000004
,,,3.36E-04,1.2,,,,,3.36E-04,2.96000004
,,,3.36E-04,1.2,,,,,3.36E-04,2.96000004
,,,3.37E-04,1.2,,,,,3.37E-04,2.96000004
,,,3.37E-04,1.2,,,,,3.37E-04,2.96000004
,,,3.38E-04,1,,,,,3.38E-04,3
,,,3.38E-04,1.2,,,,,3.38E-04,3
,,,3.38E-04,1,,,,,3.38E-04,3
,,,3.39E-04,1,,,,,3.39E-04,2.91999984
,,,3.39E-04,1.2,,,,,3.39E-04,2.96000004
,,,3.40E-04,1.4,,,,,3.40E-04,2.96000004
,,,3.40E-04,1.2,,,,,3.40E-04,2.96000004
,,,3.40E-04,1.2,,,,,3.40E-04,2.96000004
,,,3.41E-04,1,,,,,3.41E-04,2.96000004
,,,3.41E-04,1.2,,,,,3.41E-04,2.91999984
,,,3.42E-04,1.2,,,,,3.42E-04,3
,,,3.42E-04,1,,,,,3.42E-04,2.91999984
,,,3.42E-04,1.2,,,,,3.42E-04,3
,,,3.43E-04,1.4,,,,,3.43E-04,3
,,,3.43E-04,1.2,,,,,3.43E-04,2.91999984
,,,3.44E-04,1.4,,,,,3.44E-04,2.91999984
,,,3.44E-04,1.2,,,,,3.44E-04,3
,,,3.44E-04,1.2,,,,,3.44E-04,2.96000004
,,,3.45E-04,1,,,,,3.45E-04,2.96000004
,,,3.45E-04,1.2,,,,,3.45E-04,2.96000004
,,,3.46E-04,1.2,,,,,3.46E-04,2.96000004
,,,3.46E-04,1.2,,,,,3.46E-04,2.96000004
,,,3.46E-04,1.4,,,,,3.46E-04,2.96000004
,,,3.47E-04,1.2,,,,,3.47E-04,2.96000004
,,,3.47E-04,1.4,,,,,3.47E-04,3
,,,3.48E-04,1.4,,,,,3.48E-04,2.96000004
,,,3.48E-04,1.4,,,,,3.48E-04,3
,,,3.48E-04,1.6,,,,,3.48E-04,2.96000004
,,,3.49E-04,1.2,,,,,3.49E-04,3
,,,3.49E-04,1.4,,,,,3.49E-04,2.91999984
,,,3.50E-04,1.4,,,,,3.50E-04,2.91999984
,,,3.50E-04,1.4,,,,,3.50E-04,2.96000004
,,,3.50E-04,1.2,,,,,3.50E-04,2.96000004
,,,3.51E-04,1.2,,,,,3.51E-04,3
,,,3.51E-04,1.2,,,,,3.51E-04,3
,,,3.52E-04,1.4,,,,,3.52E-04,2.96000004
,,,3.52E-04,1.2,,,,,3.52E-04,2.91999984
,,,3.52E-04,1.4,,,,,3.52E-04,3
,,,3.53E-04,1.4,,,,,3.53E-04,2.96000004
,,,3.53E-04,1.2,,,,,3.53E-04,2.96000004
,,,3.54E-04,1.2,,,,,3.54E-04,2.96000004
,,,3.54E-04,1.4,,,,,3.54E-04,2.96000004
,,,3.54E-04,1.2,,,,,3.54E-04,3
,,,3.55E-04,1.2,,,,,3.55E-04,2.96000004
,,,3.55E-04,1.6,,,,,3.55E-04,2.96000004
,,,3.56E-04,1.4,,,,,3.56E-04,2.96000004
,,,3.56E-04,1.4,,,,,3.56E-04,2.96000004
,,,3.56E-04,1.4,,,,,3.56E-04,3
,,,3.57E-04,1.4,,,,,3.57E-04,2.96000004
,,,3.57E-04,1.4,,,,,3.57E-04,2.96000004
,,,3.58E-04,1.6,,,,,3.58E-04,2.96000004
,,,3.58E-04,1.2,,,,,3.58E-04,3
,,,3.58E-04,1.4,,,,,3.58E-04,3
,,,3.59E-04,1.4,,,,,3.59E-04,2.91999984
,,,3.59E-04,1.4,,,,,3.59E-04,2.91999984
,,,3.60E-04,1.6,,,,,3.60E-04,3
,,,3.60E-04,1.4,,,,,3.60E-04,3
,,,3.60E-04,1.4,,,,,3.60E-04,2.91999984
,,,3.61E-04,1.4,,,,,3.61E-04,2.96000004
,,,3.61E-04,1.6,,,,,3.61E-04,2.91999984
,,,3.62E-04,1.6,,,,,3.62E-04,3
,,,3.62E-04,1.4,,,,,3.62E-04,2.96000004
,,,3.62E-04,1.6,,,,,3.62E-04,2.96000004
,,,3.63E-04,1.6,,,,,3.63E-04,2.96000004
,,,3.63E-04,1.4,,,,,3.63E-04,2.96000004
,,,3.64E-04,1.6,,,,,3.64E-04,2.91999984
,,,3.64E-04,1.4,,,,,3.64E-04,2.91999984
,,,3.64E-04,1.6,,,,,3.64E-04,3
,,,3.65E-04,1.4,,,,,3.65E-04,2.96000004
,,,3.65E-04,1.4,,,,,3.65E-04,2.96000004
,,,3.66E-04,1.6,,,,,3.66E-04,2.96000004
,,,3.66E-04,1.6,,,,,3.66E-04,2.96000004
,,,3.66E-04,1.6,,,,,3.66E-04,3
,,,3.67E-04,1.6,,,,,3.67E-04,2.96000004
,,,3.67E-04,1.6,,,,,3.67E-04,3
,,,3.68E-04,1.8000001,,,,,3.68E-04,2.96000004
,,,3.68E-04,1.6,,,,,3.68E-04,3
,,,3.68E-04,1.6,,,,,3.68E-04,2.91999984
,,,3.69E-04,1.6,,,,,3.69E-04,2.91999984
,,,3.69E-04,1.6,,,,,3.69E-04,3
,,,3.70E-04,1.4,,,,,3.70E-04,2.91999984
,,,3.70E-04,1.8000001,,,,,3.70E-04,3
,,,3.70E-04,1.6,,,,,3.70E-04,2.96000004
,,,3.71E-04,2,,,,,3.71E-04,2.91999984
,,,3.71E-04,1.8000001,,,,,3.71E-04,3
,,,3.72E-04,1.8000001,,,,,3.72E-04,2.96000004
,,,3.72E-04,1.6,,,,,3.72E-04,2.96000004
,,,3.72E-04,1.6,,,,,3.72E-04,2.96000004
,,,3.73E-04,1.6,,,,,3.73E-04,3
,,,3.73E-04,1.8000001,,,,,3.73E-04,3
,,,3.74E-04,1.8000001,,,,,3.74E-04,2.96000004
,,,3.74E-04,1.6,,,,,3.74E-04,2.96000004
,,,3.74E-04,1.6,,,,,3.74E-04,3
,,,3.75E-04,1.8000001,,,,,3.75E-04,3
,,,3.75E-04,1.6,,,,,3.75E-04,2.96000004
,,,3.76E-04,1.6,,,,,3.76E-04,2.96000004
,,,3.76E-04,1.6,,,,,3.76E-04,2.96000004
,,,3.76E-04,1.6,,,,,3.76E-04,2.96000004
,,,3.77E-04,1.8000001,,,,,3.77E-04,2.96000004
,,,3.77E-04,1.8000001,,,,,3.77E-04,2.91999984
,,,3.78E-04,1.8000001,,,,,3.78E-04,3
,,,3.78E-04,1.6,,,,,3.78E-04,3
,,,3.78E-04,1.8000001,,,,,3.78E-04,2.91999984
,,,3.79E-04,1.6,,,,,3.79E-04,2.96000004
,,,3.79E-04,2,,,,,3.79E-04,2.96000004
,,,3.80E-04,1.8000001,,,,,3.80E-04,2.96000004
,,,3.80E-04,1.8000001,,,,,3.80E-04,2.96000004
,,,3.80E-04,1.8000001,,,,,3.80E-04,3
,,,3.81E-04,1.8000001,,,,,3.81E-04,2.91999984
,,,3.81E-04,1.8000001,,,,,3.81E-04,2.96000004
,,,3.82E-04,2,,,,,3.82E-04,2.96000004
,,,3.82E-04,1.6,,,,,3.82E-04,3
,,,3.82E-04,1.8000001,,,,,3.82E-04,3
,,,3.83E-04,1.8000001,,,,,3.83E-04,2.96000004
,,,3.83E-04,2,,,,,3.83E-04,2.96000004
,,,3.84E-04,1.6,,,,,3.84E-04,2.96000004
,,,3.84E-04,1.8000001,,,,,3.84E-04,2.91999984
,,,3.84E-04,1.6,,,,,3.84E-04,2.96000004
,,,3.85E-04,1.8000001,,,,,3.85E-04,2.96000004
,,,3.85E-04,1.8000001,,,,,3.85E-04,2.96000004
,,,3.86E-04,1.8000001,,,,,3.86E-04,2.96000004
,,,3.86E-04,1.8000001,,,,,3.86E-04,2.96000004
,,,3.86E-04,1.8000001,,,,,3.86E-04,3
,,,3.87E-04,1.8000001,,,,,3.87E-04,3
,,,3.87E-04,1.8000001,,,,,3.87E-04,2.96000004
,,,3.88E-04,1.8000001,,,,,3.88E-04,2.96000004
,,,3.88E-04,2,,,,,3.88E-04,2.96000004
,,,3.88E-04,1.8000001,,,,,3.88E-04,2.91999984
,,,3.89E-04,2,,,,,3.89E-04,2.96000004
,,,3.89E-04,2,,,,,3.89E-04,2.96000004
,,,3.90E-04,1.8000001,,,,,3.90E-04,3
,,,3.90E-04,2,,,,,3.90E-04,2.96000004
,,,3.90E-04,1.8000001,,,,,3.90E-04,2.96000004
,,,3.91E-04,2,,,,,3.91E-04,2.96000004
,,,3.91E-04,2,,,,,3.91E-04,3
,,,3.92E-04,1.8000001,,,,,3.92E-04,2.96000004
,,,3.92E-04,1.8000001,,,,,3.92E-04,2.96000004
,,,3.92E-04,2,,,,,3.92E-04,3
,,,3.93E-04,1.8000001,,,,,3.93E-04,2.96000004
,,,3.93E-04,2,,,,,3.93E-04,2.96000004
,,,3.94E-04,2,,,,,3.94E-04,2.96000004
,,,3.94E-04,1.8000001,,,,,3.94E-04,2.96000004
,,,3.94E-04,1.8000001,,,,,3.94E-04,2.96000004
,,,3.95E-04,2,,,,,3.95E-04,3
,,,3.95E-04,1.8000001,,,,,3.95E-04,3
,,,3.96E-04,2,,,,,3.96E-04,2.96000004