Record Length,2500,Points,-2.60E-03,0,,Record Length,2500,Points,-2.60E-03,-4.00E-02
Sample Interval,2.00E-06,s,-2.60E-03,0,,Sample Interval,2.00E-06,s,-2.60E-03,0
Trigger Point,1.30E+03,Samples,-2.60E-03,0,,Trigger Point,1.30E+03,Samples,-2.60E-03,0
,,,-2.60E-03,0,,,,,-2.60E-03,0
,,,-2.60E-03,2.00E-01,,,,,-2.60E-03,0
,,,-2.59E-03,0,,,,,-2.59E-03,0
Source,CH1,,-2.59E-03,0,,Source,CH2,,-2.59E-03,-4.00E-02
Vertical Units,Volts,,-2.59E-03,0,,Vertical Units,Volts,,-2.59E-03,0
Vertical Scale,5.00000007,,-2.59E-03,0,,Vertical Scale,1.00E+00,,-2.59E-03,-4.00E-02
Vertical Offset,0,,-2.59E-03,0,,Vertical Offset,0,,-2.59E-03,-4.00E-02
Horizontal Units,s,,-2.58E-03,0,,Horizontal Units,s,,-2.58E-03,-4.00E-02
Horizontal Scale,5.00E-04,,-2.58E-03,2.00E-01,,Horizontal Scale,5.00E-04,,-2.58E-03,-4.00E-02
Pt Fmt,Y,,-2.58E-03,0,,Pt Fmt,Y,,-2.58E-03,-4.00E-02
Yzero,1.60E-01,,-2.58E-03,0,,Yzero,-1.56,,-2.58E-03,-4.00E-02
Probe Atten,1,,-2.58E-03,0,,Probe Atten,1,,-2.58E-03,-4.00E-02
,,,-2.57E-03,0,,,,,-2.57E-03,-4.00E-02
Note,TDS 1002B - 3:05:11 PM   2/19/2025,,-2.57E-03,0,,Note,TDS 1002B - 3:05:11 PM   2/19/2025,,-2.57E-03,-4.00E-02
,,,-2.57E-03,0,,,,,-2.57E-03,-4.00E-02
,,,-2.57E-03,0,,,,,-2.57E-03,0
,,,-2.57E-03,0,,,,,-2.57E-03,0
,,,-2.56E-03,0,,,,,-2.56E-03,0
,,,-2.56E-03,0,,,,,-2.56E-03,0
,,,-2.56E-03,0,,,,,-2.56E-03,0
,,,-2.56E-03,0,,,,,-2.56E-03,0
,,,-2.56E-03,0,,,,,-2.56E-03,0
,,,-2.55E-03,0,,,,,-2.55E-03,-4.00E-02
,,,-2.55E-03,0,,,,,-2.55E-03,-4.00E-02
,,,-2.55E-03,0,,,,,-2.55E-03,-4.00E-02
,,,-2.55E-03,0,,,,,-2.55E-03,-4.00E-02
,,,-2.55E-03,0,,,,,-2.55E-03,-4.00E-02
,,,-2.54E-03,0,,,,,-2.54E-03,-4.00E-02
,,,-2.54E-03,0,,,,,-2.54E-03,-4.00E-02
,,,-2.54E-03,0,,,,,-2.54E-03,0
,,,-2.54E-03,0,,,,,-2.54E-03,0
,,,-2.54E-03,0,,,,,-2.54E-03,0
,,,-2.53E-03,0,,,,,-2.53E-03,0
,,,-2.53E-03,0,,,,,-2.53E-03,0
,,,-2.53E-03,0,,,,,-2.53E-03,-4.00E-02
,,,-2.53E-03,0,,,,,-2.53E-03,0
,,,-2.53E-03,0,,,,,-2.53E-03,-4.00E-02
,,,-2.52E-03,0,,,,,-2.52E-03,0
,,,-2.52E-03,0,,,,,-2.52E-03,-4.00E-02
,,,-2.52E-03,0,,,,,-2.52E-03,-4.00E-02
,,,-2.52E-03,0,,,,,-2.52E-03,-4.00E-02
,,,-2.52E-03,0,,,,,-2.52E-03,-4.00E-02
,,,-2.51E-03,2.00E-01,,,,,-2.51E-03,-4.00E-02
,,,-2.51E-03,0,,,,,-2.51E-03,-4.00E-02
,,,-2.51E-03,0,,,,,-2.51E-03,-4.00E-02
,,,-2.51E-03,0,,,,,-2.51E-03,0
,,,-2.51E-03,0,,,,,-2.51E-03,0
,,,-2.50E-03,0,,,,,-2.50E-03,0
,,,-2.50E-03,0,,,,,-2.50E-03,0
,,,-2.50E-03,0,,,,,-2.50E-03,0
,,,-2.50E-03,0,,,,,-2.50E-03,-4.00E-02
,,,-2.50E-03,0,,,,,-2.50E-03,-4.00E-02
,,,-2.49E-03,0,,,,,-2.49E-03,-4.00E-02
,,,-2.49E-03,0,,,,,-2.49E-03,-4.00E-02
,,,-2.49E-03,0,,,,,-2.49E-03,-4.00E-02
,,,-2.49E-03,0,,,,,-2.49E-03,-4.00E-02
,,,-2.49E-03,0,,,,,-2.49E-03,-4.00E-02
,,,-2.48E-03,0,,,,,-2.48E-03,0
,,,-2.48E-03,0,,,,,-2.48E-03,-4.00E-02
,,,-2.48E-03,0,,,,,-2.48E-03,-4.00E-02
,,,-2.48E-03,0,,,,,-2.48E-03,-4.00E-02
,,,-2.48E-03,0,,,,,-2.48E-03,0
,,,-2.47E-03,0,,,,,-2.47E-03,0
,,,-2.47E-03,2.00E-01,,,,,-2.47E-03,0
,,,-2.47E-03,0,,,,,-2.47E-03,0
,,,-2.47E-03,0,,,,,-2.47E-03,0
,,,-2.47E-03,0,,,,,-2.47E-03,0
,,,-2.46E-03,0,,,,,-2.46E-03,0
,,,-2.46E-03,0,,,,,-2.46E-03,-4.00E-02
,,,-2.46E-03,0,,,,,-2.46E-03,-4.00E-02
,,,-2.46E-03,0,,,,,-2.46E-03,-4.00E-02
,,,-2.46E-03,0,,,,,-2.46E-03,-4.00E-02
,,,-2.45E-03,0,,,,,-2.45E-03,-4.00E-02
,,,-2.45E-03,0,,,,,-2.45E-03,-4.00E-02
,,,-2.45E-03,0,,,,,-2.45E-03,0
,,,-2.45E-03,0,,,,,-2.45E-03,0
,,,-2.45E-03,0,,,,,-2.45E-03,0
,,,-2.44E-03,0,,,,,-2.44E-03,0
,,,-2.44E-03,0,,,,,-2.44E-03,-4.00E-02
,,,-2.44E-03,0,,,,,-2.44E-03,0
,,,-2.44E-03,0,,,,,-2.44E-03,0
,,,-2.44E-03,0,,,,,-2.44E-03,0
,,,-2.43E-03,0,,,,,-2.43E-03,0
,,,-2.43E-03,0,,,,,-2.43E-03,0
,,,-2.43E-03,0,,,,,-2.43E-03,0
,,,-2.43E-03,0,,,,,-2.43E-03,-4.00E-02
,,,-2.43E-03,0,,,,,-2.43E-03,-4.00E-02
,,,-2.42E-03,0,,,,,-2.42E-03,-8.00E-02
,,,-2.42E-03,0,,,,,-2.42E-03,-4.00E-02
,,,-2.42E-03,0,,,,,-2.42E-03,-4.00E-02
,,,-2.42E-03,0,,,,,-2.42E-03,-4.00E-02
,,,-2.42E-03,0,,,,,-2.42E-03,0
,,,-2.41E-03,0,,,,,-2.41E-03,0
,,,-2.41E-03,0,,,,,-2.41E-03,0
,,,-2.41E-03,0,,,,,-2.41E-03,0
,,,-2.41E-03,0,,,,,-2.41E-03,0
,,,-2.41E-03,0,,,,,-2.41E-03,0
,,,-2.40E-03,0,,,,,-2.40E-03,-4.00E-02
,,,-2.40E-03,0,,,,,-2.40E-03,-4.00E-02
,,,-2.40E-03,0,,,,,-2.40E-03,-4.00E-02
,,,-2.40E-03,0,,,,,-2.40E-03,-4.00E-02
,,,-2.40E-03,0,,,,,-2.40E-03,-4.00E-02
,,,-2.39E-03,0,,,,,-2.39E-03,-4.00E-02
,,,-2.39E-03,0,,,,,-2.39E-03,-4.00E-02
,,,-2.39E-03,0,,,,,-2.39E-03,-4.00E-02
,,,-2.39E-03,0,,,,,-2.39E-03,-4.00E-02
,,,-2.39E-03,0,,,,,-2.39E-03,-4.00E-02
,,,-2.38E-03,0,,,,,-2.38E-03,-4.00E-02
,,,-2.38E-03,0,,,,,-2.38E-03,-4.00E-02
,,,-2.38E-03,0,,,,,-2.38E-03,0
,,,-2.38E-03,0,,,,,-2.38E-03,0
,,,-2.38E-03,0,,,,,-2.38E-03,0
,,,-2.37E-03,0,,,,,-2.37E-03,0
,,,-2.37E-03,0,,,,,-2.37E-03,0
,,,-2.37E-03,0,,,,,-2.37E-03,-4.00E-02
,,,-2.37E-03,0,,,,,-2.37E-03,-4.00E-02
,,,-2.37E-03,0,,,,,-2.37E-03,-4.00E-02
,,,-2.36E-03,0,,,,,-2.36E-03,-4.00E-02
,,,-2.36E-03,0,,,,,-2.36E-03,-4.00E-02
,,,-2.36E-03,0,,,,,-2.36E-03,-4.00E-02
,,,-2.36E-03,0,,,,,-2.36E-03,-4.00E-02
,,,-2.36E-03,0,,,,,-2.36E-03,0
,,,-2.35E-03,0,,,,,-2.35E-03,0
,,,-2.35E-03,0,,,,,-2.35E-03,0
,,,-2.35E-03,0,,,,,-2.35E-03,0
,,,-2.35E-03,0,,,,,-2.35E-03,0
,,,-2.35E-03,0,,,,,-2.35E-03,0
,,,-2.34E-03,2.00E-01,,,,,-2.34E-03,0
,,,-2.34E-03,0,,,,,-2.34E-03,0
,,,-2.34E-03,0,,,,,-2.34E-03,0
,,,-2.34E-03,0,,,,,-2.34E-03,0
,,,-2.34E-03,0,,,,,-2.34E-03,-4.00E-02
,,,-2.33E-03,0,,,,,-2.33E-03,-4.00E-02
,,,-2.33E-03,0,,,,,-2.33E-03,-4.00E-02
,,,-2.33E-03,0,,,,,-2.33E-03,-4.00E-02
,,,-2.33E-03,0,,,,,-2.33E-03,-8.00E-02
,,,-2.33E-03,0,,,,,-2.33E-03,-4.00E-02
,,,-2.32E-03,0,,,,,-2.32E-03,0
,,,-2.32E-03,0,,,,,-2.32E-03,0
,,,-2.32E-03,0,,,,,-2.32E-03,0
,,,-2.32E-03,0,,,,,-2.32E-03,0
,,,-2.32E-03,0,,,,,-2.32E-03,0
,,,-2.31E-03,0,,,,,-2.31E-03,0
,,,-2.31E-03,0,,,,,-2.31E-03,0
,,,-2.31E-03,0,,,,,-2.31E-03,0
,,,-2.31E-03,0,,,,,-2.31E-03,-4.00E-02
,,,-2.31E-03,0,,,,,-2.31E-03,0
,,,-2.30E-03,0,,,,,-2.30E-03,-4.00E-02
,,,-2.30E-03,0,,,,,-2.30E-03,-4.00E-02
,,,-2.30E-03,0,,,,,-2.30E-03,-4.00E-02
,,,-2.30E-03,0,,,,,-2.30E-03,-4.00E-02
,,,-2.30E-03,0,,,,,-2.30E-03,-4.00E-02
,,,-2.29E-03,0,,,,,-2.29E-03,-4.00E-02
,,,-2.29E-03,0,,,,,-2.29E-03,-4.00E-02
,,,-2.29E-03,0,,,,,-2.29E-03,-4.00E-02
,,,-2.29E-03,0,,,,,-2.29E-03,0
,,,-2.29E-03,0,,,,,-2.29E-03,0
,,,-2.28E-03,0,,,,,-2.28E-03,0
,,,-2.28E-03,0,,,,,-2.28E-03,0
,,,-2.28E-03,0,,,,,-2.28E-03,0
,,,-2.28E-03,0,,,,,-2.28E-03,-4.00E-02
,,,-2.28E-03,0,,,,,-2.28E-03,-4.00E-02
,,,-2.27E-03,0,,,,,-2.27E-03,-4.00E-02
,,,-2.27E-03,0,,,,,-2.27E-03,-4.00E-02
,,,-2.27E-03,0,,,,,-2.27E-03,-4.00E-02
,,,-2.27E-03,0,,,,,-2.27E-03,-4.00E-02
,,,-2.27E-03,0,,,,,-2.27E-03,-4.00E-02
,,,-2.26E-03,0,,,,,-2.26E-03,-4.00E-02
,,,-2.26E-03,0,,,,,-2.26E-03,-4.00E-02
,,,-2.26E-03,0,,,,,-2.26E-03,-4.00E-02
,,,-2.26E-03,0,,,,,-2.26E-03,0
,,,-2.26E-03,0,,,,,-2.26E-03,-4.00E-02
,,,-2.25E-03,0,,,,,-2.25E-03,-4.00E-02
,,,-2.25E-03,0,,,,,-2.25E-03,0
,,,-2.25E-03,0,,,,,-2.25E-03,0
,,,-2.25E-03,0,,,,,-2.25E-03,0
,,,-2.25E-03,0,,,,,-2.25E-03,0
,,,-2.24E-03,0,,,,,-2.24E-03,-4.00E-02
,,,-2.24E-03,0,,,,,-2.24E-03,-4.00E-02
,,,-2.24E-03,0,,,,,-2.24E-03,-4.00E-02
,,,-2.24E-03,0,,,,,-2.24E-03,-4.00E-02
,,,-2.24E-03,0,,,,,-2.24E-03,-4.00E-02
,,,-2.23E-03,0,,,,,-2.23E-03,-4.00E-02
,,,-2.23E-03,0,,,,,-2.23E-03,-4.00E-02
,,,-2.23E-03,0,,,,,-2.23E-03,0
,,,-2.23E-03,0,,,,,-2.23E-03,0
,,,-2.23E-03,0,,,,,-2.23E-03,0
,,,-2.22E-03,2.00E-01,,,,,-2.22E-03,0
,,,-2.22E-03,2.00E-01,,,,,-2.22E-03,0
,,,-2.22E-03,0,,,,,-2.22E-03,0
,,,-2.22E-03,0,,,,,-2.22E-03,0
,,,-2.22E-03,0,,,,,-2.22E-03,0
,,,-2.21E-03,0,,,,,-2.21E-03,0
,,,-2.21E-03,0,,,,,-2.21E-03,-4.00E-02
,,,-2.21E-03,0,,,,,-2.21E-03,-4.00E-02
,,,-2.21E-03,0,,,,,-2.21E-03,-4.00E-02
,,,-2.21E-03,0,,,,,-2.21E-03,-4.00E-02
,,,-2.20E-03,0,,,,,-2.20E-03,-4.00E-02
,,,-2.20E-03,0,,,,,-2.20E-03,-4.00E-02
,,,-2.20E-03,0,,,,,-2.20E-03,-4.00E-02
,,,-2.20E-03,0,,,,,-2.20E-03,-4.00E-02
,,,-2.20E-03,0,,,,,-2.20E-03,-4.00E-02
,,,-2.19E-03,0,,,,,-2.19E-03,0
,,,-2.19E-03,0,,,,,-2.19E-03,0
,,,-2.19E-03,0,,,,,-2.19E-03,0
,,,-2.19E-03,0,,,,,-2.19E-03,0
,,,-2.19E-03,0,,,,,-2.19E-03,0
,,,-2.18E-03,0,,,,,-2.18E-03,-4.00E-02
,,,-2.18E-03,0,,,,,-2.18E-03,-4.00E-02
,,,-2.18E-03,0,,,,,-2.18E-03,-4.00E-02
,,,-2.18E-03,0,,,,,-2.18E-03,-4.00E-02
,,,-2.18E-03,0,,,,,-2.18E-03,-4.00E-02
,,,-2.17E-03,0,,,,,-2.17E-03,-4.00E-02
,,,-2.17E-03,0,,,,,-2.17E-03,0
,,,-2.17E-03,0,,,,,-2.17E-03,-4.00E-02
,,,-2.17E-03,0,,,,,-2.17E-03,0
,,,-2.17E-03,0,,,,,-2.17E-03,0
,,,-2.16E-03,0,,,,,-2.16E-03,-4.00E-02
,,,-2.16E-03,0,,,,,-2.16E-03,-4.00E-02
,,,-2.16E-03,0,,,,,-2.16E-03,0
,,,-2.16E-03,0,,,,,-2.16E-03,0
,,,-2.16E-03,0,,,,,-2.16E-03,0
,,,-2.15E-03,0,,,,,-2.15E-03,0
,,,-2.15E-03,0,,,,,-2.15E-03,0
,,,-2.15E-03,0,,,,,-2.15E-03,0
,,,-2.15E-03,0,,,,,-2.15E-03,-4.00E-02
,,,-2.15E-03,0,,,,,-2.15E-03,-4.00E-02
,,,-2.14E-03,0,,,,,-2.14E-03,-4.00E-02
,,,-2.14E-03,0,,,,,-2.14E-03,-4.00E-02
,,,-2.14E-03,0,,,,,-2.14E-03,-4.00E-02
,,,-2.14E-03,0,,,,,-2.14E-03,0
,,,-2.14E-03,0,,,,,-2.14E-03,-4.00E-02
,,,-2.13E-03,0,,,,,-2.13E-03,0
,,,-2.13E-03,0,,,,,-2.13E-03,0
,,,-2.13E-03,0,,,,,-2.13E-03,0
,,,-2.13E-03,0,,,,,-2.13E-03,0
,,,-2.13E-03,0,,,,,-2.13E-03,0
,,,-2.12E-03,0,,,,,-2.12E-03,-4.00E-02
,,,-2.12E-03,0,,,,,-2.12E-03,-4.00E-02
,,,-2.12E-03,0,,,,,-2.12E-03,-4.00E-02
,,,-2.12E-03,0,,,,,-2.12E-03,-4.00E-02
,,,-2.12E-03,0,,,,,-2.12E-03,-4.00E-02
,,,-2.11E-03,0,,,,,-2.11E-03,-4.00E-02
,,,-2.11E-03,0,,,,,-2.11E-03,-4.00E-02
,,,-2.11E-03,0,,,,,-2.11E-03,-4.00E-02
,,,-2.11E-03,0,,,,,-2.11E-03,-4.00E-02
,,,-2.11E-03,0,,,,,-2.11E-03,-4.00E-02
,,,-2.10E-03,0,,,,,-2.10E-03,-4.00E-02
,,,-2.10E-03,0,,,,,-2.10E-03,0
,,,-2.10E-03,0,,,,,-2.10E-03,0
,,,-2.10E-03,0,,,,,-2.10E-03,0
,,,-2.10E-03,0,,,,,-2.10E-03,0
,,,-2.09E-03,0,,,,,-2.09E-03,0
,,,-2.09E-03,0,,,,,-2.09E-03,0
,,,-2.09E-03,0,,,,,-2.09E-03,-4.00E-02
,,,-2.09E-03,0,,,,,-2.09E-03,-4.00E-02
,,,-2.09E-03,0,,,,,-2.09E-03,-4.00E-02
,,,-2.08E-03,0,,,,,-2.08E-03,-4.00E-02
,,,-2.08E-03,0,,,,,-2.08E-03,-4.00E-02
,,,-2.08E-03,0,,,,,-2.08E-03,-4.00E-02
,,,-2.08E-03,0,,,,,-2.08E-03,-4.00E-02
,,,-2.08E-03,0,,,,,-2.08E-03,0
,,,-2.07E-03,0,,,,,-2.07E-03,0
,,,-2.07E-03,0,,,,,-2.07E-03,-4.00E-02
,,,-2.07E-03,0,,,,,-2.07E-03,-4.00E-02
,,,-2.07E-03,0,,,,,-2.07E-03,0
,,,-2.07E-03,0,,,,,-2.07E-03,0
,,,-2.06E-03,0,,,,,-2.06E-03,0
,,,-2.06E-03,0,,,,,-2.06E-03,0
,,,-2.06E-03,0,,,,,-2.06E-03,0
,,,-2.06E-03,0,,,,,-2.06E-03,-4.00E-02
,,,-2.06E-03,0,,,,,-2.06E-03,0
,,,-2.05E-03,0,,,,,-2.05E-03,-4.00E-02
,,,-2.05E-03,0,,,,,-2.05E-03,-4.00E-02
,,,-2.05E-03,0,,,,,-2.05E-03,-4.00E-02
,,,-2.05E-03,0,,,,,-2.05E-03,-4.00E-02
,,,-2.05E-03,0,,,,,-2.05E-03,-4.00E-02
,,,-2.04E-03,0,,,,,-2.04E-03,0
,,,-2.04E-03,0,,,,,-2.04E-03,0
,,,-2.04E-03,0,,,,,-2.04E-03,0
,,,-2.04E-03,0,,,,,-2.04E-03,0
,,,-2.04E-03,0,,,,,-2.04E-03,0
,,,-2.03E-03,0,,,,,-2.03E-03,0
,,,-2.03E-03,0,,,,,-2.03E-03,-4.00E-02
,,,-2.03E-03,0,,,,,-2.03E-03,-4.00E-02
,,,-2.03E-03,0,,,,,-2.03E-03,-4.00E-02
,,,-2.03E-03,0,,,,,-2.03E-03,0
,,,-2.02E-03,0,,,,,-2.02E-03,-4.00E-02
,,,-2.02E-03,0,,,,,-2.02E-03,-4.00E-02
,,,-2.02E-03,0,,,,,-2.02E-03,-4.00E-02
,,,-2.02E-03,0,,,,,-2.02E-03,-4.00E-02
,,,-2.02E-03,0,,,,,-2.02E-03,-4.00E-02
,,,-2.01E-03,0,,,,,-2.01E-03,-4.00E-02
,,,-2.01E-03,0,,,,,-2.01E-03,-4.00E-02
,,,-2.01E-03,0,,,,,-2.01E-03,-4.00E-02
,,,-2.01E-03,0,,,,,-2.01E-03,0
,,,-2.01E-03,0,,,,,-2.01E-03,0
,,,-2.00E-03,0,,,,,-2.00E-03,0
,,,-2.00E-03,0,,,,,-2.00E-03,0
,,,-2.00E-03,0,,,,,-2.00E-03,0
,,,-2.00E-03,0,,,,,-2.00E-03,0
,,,-2.00E-03,0,,,,,-2.00E-03,-4.00E-02
,,,-1.99E-03,0,,,,,-1.99E-03,-4.00E-02
,,,-1.99E-03,0,,,,,-1.99E-03,-4.00E-02
,,,-1.99E-03,0,,,,,-1.99E-03,-4.00E-02
,,,-1.99E-03,0,,,,,-1.99E-03,-4.00E-02
,,,-1.99E-03,0,,,,,-1.99E-03,0
,,,-1.98E-03,0,,,,,-1.98E-03,-4.00E-02
,,,-1.98E-03,0,,,,,-1.98E-03,0
,,,-1.98E-03,0,,,,,-1.98E-03,0
,,,-1.98E-03,0,,,,,-1.98E-03,-4.00E-02
,,,-1.98E-03,0,,,,,-1.98E-03,0
,,,-1.97E-03,0,,,,,-1.97E-03,0
,,,-1.97E-03,0,,,,,-1.97E-03,0
,,,-1.97E-03,0,,,,,-1.97E-03,0
,,,-1.97E-03,0,,,,,-1.97E-03,0
,,,-1.97E-03,0,,,,,-1.97E-03,0
,,,-1.96E-03,0,,,,,-1.96E-03,-4.00E-02
,,,-1.96E-03,0,,,,,-1.96E-03,-4.00E-02
,,,-1.96E-03,0,,,,,-1.96E-03,-4.00E-02
,,,-1.96E-03,0,,,,,-1.96E-03,-4.00E-02
,,,-1.96E-03,0,,,,,-1.96E-03,-4.00E-02
,,,-1.95E-03,0,,,,,-1.95E-03,-4.00E-02
,,,-1.95E-03,0,,,,,-1.95E-03,0
,,,-1.95E-03,0,,,,,-1.95E-03,0
,,,-1.95E-03,0,,,,,-1.95E-03,0
,,,-1.95E-03,2.00E-01,,,,,-1.95E-03,0
,,,-1.94E-03,0,,,,,-1.94E-03,0
,,,-1.94E-03,0,,,,,-1.94E-03,0
,,,-1.94E-03,0,,,,,-1.94E-03,0
,,,-1.94E-03,0,,,,,-1.94E-03,-4.00E-02
,,,-1.94E-03,0,,,,,-1.94E-03,-4.00E-02
,,,-1.93E-03,0,,,,,-1.93E-03,0
,,,-1.93E-03,0,,,,,-1.93E-03,-4.00E-02
,,,-1.93E-03,0,,,,,-1.93E-03,0
,,,-1.93E-03,0,,,,,-1.93E-03,0
,,,-1.93E-03,0,,,,,-1.93E-03,-4.00E-02
,,,-1.92E-03,0,,,,,-1.92E-03,-4.00E-02
,,,-1.92E-03,0,,,,,-1.92E-03,-4.00E-02
,,,-1.92E-03,0,,,,,-1.92E-03,-4.00E-02
,,,-1.92E-03,0,,,,,-1.92E-03,0
,,,-1.92E-03,0,,,,,-1.92E-03,-4.00E-02
,,,-1.91E-03,0,,,,,-1.91E-03,0
,,,-1.91E-03,0,,,,,-1.91E-03,0
,,,-1.91E-03,0,,,,,-1.91E-03,0
,,,-1.91E-03,0,,,,,-1.91E-03,0
,,,-1.91E-03,0,,,,,-1.91E-03,0
,,,-1.90E-03,0,,,,,-1.90E-03,-4.00E-02
,,,-1.90E-03,0,,,,,-1.90E-03,-4.00E-02
,,,-1.90E-03,0,,,,,-1.90E-03,-4.00E-02
,,,-1.90E-03,0,,,,,-1.90E-03,-4.00E-02
,,,-1.90E-03,0,,,,,-1.90E-03,-4.00E-02
,,,-1.89E-03,0,,,,,-1.89E-03,-4.00E-02
,,,-1.89E-03,0,,,,,-1.89E-03,0
,,,-1.89E-03,0,,,,,-1.89E-03,0
,,,-1.89E-03,0,,,,,-1.89E-03,0
,,,-1.89E-03,0,,,,,-1.89E-03,-4.00E-02
,,,-1.88E-03,0,,,,,-1.88E-03,0
,,,-1.88E-03,0,,,,,-1.88E-03,0
,,,-1.88E-03,0,,,,,-1.88E-03,0
,,,-1.88E-03,0,,,,,-1.88E-03,0
,,,-1.88E-03,0,,,,,-1.88E-03,0
,,,-1.87E-03,0,,,,,-1.87E-03,0
,,,-1.87E-03,0,,,,,-1.87E-03,0
,,,-1.87E-03,0,,,,,-1.87E-03,0
,,,-1.87E-03,0,,,,,-1.87E-03,-4.00E-02
,,,-1.87E-03,0,,,,,-1.87E-03,-4.00E-02
,,,-1.86E-03,0,,,,,-1.86E-03,-4.00E-02
,,,-1.86E-03,0,,,,,-1.86E-03,-4.00E-02
,,,-1.86E-03,0,,,,,-1.86E-03,-4.00E-02
,,,-1.86E-03,0,,,,,-1.86E-03,-4.00E-02
,,,-1.86E-03,0,,,,,-1.86E-03,0
,,,-1.85E-03,0,,,,,-1.85E-03,0
,,,-1.85E-03,0,,,,,-1.85E-03,0
,,,-1.85E-03,0,,,,,-1.85E-03,0
,,,-1.85E-03,0,,,,,-1.85E-03,0
,,,-1.85E-03,0,,,,,-1.85E-03,-4.00E-02
,,,-1.84E-03,0,,,,,-1.84E-03,0
,,,-1.84E-03,0,,,,,-1.84E-03,0
,,,-1.84E-03,0,,,,,-1.84E-03,0
,,,-1.84E-03,0,,,,,-1.84E-03,-4.00E-02
,,,-1.84E-03,0,,,,,-1.84E-03,0
,,,-1.83E-03,0,,,,,-1.83E-03,-4.00E-02
,,,-1.83E-03,0,,,,,-1.83E-03,-4.00E-02
,,,-1.83E-03,0,,,,,-1.83E-03,0
,,,-1.83E-03,0,,,,,-1.83E-03,-4.00E-02
,,,-1.83E-03,0,,,,,-1.83E-03,-4.00E-02
,,,-1.82E-03,0,,,,,-1.82E-03,-4.00E-02
,,,-1.82E-03,0,,,,,-1.82E-03,0
,,,-1.82E-03,0,,,,,-1.82E-03,0
,,,-1.82E-03,0,,,,,-1.82E-03,0
,,,-1.82E-03,0,,,,,-1.82E-03,0
,,,-1.81E-03,0,,,,,-1.81E-03,0
,,,-1.81E-03,0,,,,,-1.81E-03,0
,,,-1.81E-03,0,,,,,-1.81E-03,0
,,,-1.81E-03,0,,,,,-1.81E-03,-4.00E-02
,,,-1.81E-03,0,,,,,-1.81E-03,-4.00E-02
,,,-1.80E-03,0,,,,,-1.80E-03,-4.00E-02
,,,-1.80E-03,0,,,,,-1.80E-03,-4.00E-02
,,,-1.80E-03,0,,,,,-1.80E-03,0
,,,-1.80E-03,0,,,,,-1.80E-03,-4.00E-02
,,,-1.80E-03,0,,,,,-1.80E-03,-4.00E-02
,,,-1.79E-03,0,,,,,-1.79E-03,-4.00E-02
,,,-1.79E-03,0,,,,,-1.79E-03,-4.00E-02
,,,-1.79E-03,0,,,,,-1.79E-03,0
,,,-1.79E-03,0,,,,,-1.79E-03,0
,,,-1.79E-03,0,,,,,-1.79E-03,0
,,,-1.78E-03,0,,,,,-1.78E-03,0
,,,-1.78E-03,0,,,,,-1.78E-03,0
,,,-1.78E-03,0,,,,,-1.78E-03,0
,,,-1.78E-03,0,,,,,-1.78E-03,0
,,,-1.78E-03,0,,,,,-1.78E-03,-4.00E-02
,,,-1.77E-03,0,,,,,-1.77E-03,-4.00E-02
,,,-1.77E-03,0,,,,,-1.77E-03,-4.00E-02
,,,-1.77E-03,0,,,,,-1.77E-03,-4.00E-02
,,,-1.77E-03,0,,,,,-1.77E-03,-4.00E-02
,,,-1.77E-03,0,,,,,-1.77E-03,-4.00E-02
,,,-1.76E-03,0,,,,,-1.76E-03,-4.00E-02
,,,-1.76E-03,0,,,,,-1.76E-03,0
,,,-1.76E-03,0,,,,,-1.76E-03,0
,,,-1.76E-03,0,,,,,-1.76E-03,0
,,,-1.76E-03,0,,,,,-1.76E-03,0
,,,-1.75E-03,0,,,,,-1.75E-03,0
,,,-1.75E-03,0,,,,,-1.75E-03,0
,,,-1.75E-03,0,,,,,-1.75E-03,0
,,,-1.75E-03,0,,,,,-1.75E-03,0
,,,-1.75E-03,0,,,,,-1.75E-03,-4.00E-02
,,,-1.74E-03,0,,,,,-1.74E-03,0
,,,-1.74E-03,0,,,,,-1.74E-03,-4.00E-02
,,,-1.74E-03,0,,,,,-1.74E-03,-4.00E-02
,,,-1.74E-03,0,,,,,-1.74E-03,0
,,,-1.74E-03,0,,,,,-1.74E-03,0
,,,-1.73E-03,0,,,,,-1.73E-03,-4.00E-02
,,,-1.73E-03,0,,,,,-1.73E-03,-4.00E-02
,,,-1.73E-03,0,,,,,-1.73E-03,0
,,,-1.73E-03,0,,,,,-1.73E-03,0
,,,-1.73E-03,0,,,,,-1.73E-03,0
,,,-1.72E-03,0,,,,,-1.72E-03,0
,,,-1.72E-03,0,,,,,-1.72E-03,0
,,,-1.72E-03,0,,,,,-1.72E-03,0
,,,-1.72E-03,0,,,,,-1.72E-03,0
,,,-1.72E-03,0,,,,,-1.72E-03,-4.00E-02
,,,-1.71E-03,0,,,,,-1.71E-03,-4.00E-02
,,,-1.71E-03,0,,,,,-1.71E-03,-4.00E-02
,,,-1.71E-03,0,,,,,-1.71E-03,-4.00E-02
,,,-1.71E-03,0,,,,,-1.71E-03,0
,,,-1.71E-03,0,,,,,-1.71E-03,-4.00E-02
,,,-1.70E-03,0,,,,,-1.70E-03,-4.00E-02
,,,-1.70E-03,0,,,,,-1.70E-03,-4.00E-02
,,,-1.70E-03,0,,,,,-1.70E-03,-4.00E-02
,,,-1.70E-03,0,,,,,-1.70E-03,-4.00E-02
,,,-1.70E-03,0,,,,,-1.70E-03,-4.00E-02
,,,-1.69E-03,0,,,,,-1.69E-03,0
,,,-1.69E-03,0,,,,,-1.69E-03,0
,,,-1.69E-03,0,,,,,-1.69E-03,0
,,,-1.69E-03,0,,,,,-1.69E-03,0
,,,-1.69E-03,0,,,,,-1.69E-03,-4.00E-02
,,,-1.68E-03,0,,,,,-1.68E-03,0
,,,-1.68E-03,0,,,,,-1.68E-03,-4.00E-02
,,,-1.68E-03,0,,,,,-1.68E-03,-4.00E-02
,,,-1.68E-03,0,,,,,-1.68E-03,-4.00E-02
,,,-1.68E-03,2.00E-01,,,,,-1.68E-03,-4.00E-02
,,,-1.67E-03,0,,,,,-1.67E-03,-4.00E-02
,,,-1.67E-03,0,,,,,-1.67E-03,-4.00E-02
,,,-1.67E-03,0,,,,,-1.67E-03,0
,,,-1.67E-03,0,,,,,-1.67E-03,0
,,,-1.67E-03,2.00E-01,,,,,-1.67E-03,0
,,,-1.66E-03,0,,,,,-1.66E-03,0
,,,-1.66E-03,0,,,,,-1.66E-03,0
,,,-1.66E-03,0,,,,,-1.66E-03,0
,,,-1.66E-03,0,,,,,-1.66E-03,0
,,,-1.66E-03,0,,,,,-1.66E-03,-4.00E-02
,,,-1.65E-03,0,,,,,-1.65E-03,-4.00E-02
,,,-1.65E-03,0,,,,,-1.65E-03,0
,,,-1.65E-03,0,,,,,-1.65E-03,-4.00E-02
,,,-1.65E-03,0,,,,,-1.65E-03,0
,,,-1.65E-03,0,,,,,-1.65E-03,-4.00E-02
,,,-1.64E-03,0,,,,,-1.64E-03,-4.00E-02
,,,-1.64E-03,2.00E-01,,,,,-1.64E-03,-4.00E-02
,,,-1.64E-03,0,,,,,-1.64E-03,-4.00E-02
,,,-1.64E-03,0,,,,,-1.64E-03,-4.00E-02
,,,-1.64E-03,0,,,,,-1.64E-03,-4.00E-02
,,,-1.63E-03,0,,,,,-1.63E-03,0
,,,-1.63E-03,0,,,,,-1.63E-03,0
,,,-1.63E-03,0,,,,,-1.63E-03,0
,,,-1.63E-03,0,,,,,-1.63E-03,0
,,,-1.63E-03,0,,,,,-1.63E-03,0
,,,-1.62E-03,0,,,,,-1.62E-03,-4.00E-02
,,,-1.62E-03,0,,,,,-1.62E-03,-4.00E-02
,,,-1.62E-03,0,,,,,-1.62E-03,-4.00E-02
,,,-1.62E-03,0,,,,,-1.62E-03,-4.00E-02
,,,-1.62E-03,0,,,,,-1.62E-03,-4.00E-02
,,,-1.61E-03,0,,,,,-1.61E-03,-4.00E-02
,,,-1.61E-03,0,,,,,-1.61E-03,-4.00E-02
,,,-1.61E-03,0,,,,,-1.61E-03,0
,,,-1.61E-03,0,,,,,-1.61E-03,0
,,,-1.61E-03,0,,,,,-1.61E-03,-4.00E-02
,,,-1.60E-03,0,,,,,-1.60E-03,-4.00E-02
,,,-1.60E-03,0,,,,,-1.60E-03,0
,,,-1.60E-03,0,,,,,-1.60E-03,0
,,,-1.60E-03,0,,,,,-1.60E-03,0
,,,-1.60E-03,0,,,,,-1.60E-03,0
,,,-1.59E-03,0,,,,,-1.59E-03,0
,,,-1.59E-03,0,,,,,-1.59E-03,0
,,,-1.59E-03,0,,,,,-1.59E-03,-4.00E-02
,,,-1.59E-03,0,,,,,-1.59E-03,-4.00E-02
,,,-1.59E-03,0,,,,,-1.59E-03,-4.00E-02
,,,-1.58E-03,0,,,,,-1.58E-03,-4.00E-02
,,,-1.58E-03,0,,,,,-1.58E-03,-4.00E-02
,,,-1.58E-03,0,,,,,-1.58E-03,-4.00E-02
,,,-1.58E-03,0,,,,,-1.58E-03,-4.00E-02
,,,-1.58E-03,0,,,,,-1.58E-03,0
,,,-1.57E-03,0,,,,,-1.57E-03,0
,,,-1.57E-03,0,,,,,-1.57E-03,0
,,,-1.57E-03,0,,,,,-1.57E-03,0
,,,-1.57E-03,0,,,,,-1.57E-03,-4.00E-02
,,,-1.57E-03,0,,,,,-1.57E-03,-4.00E-02
,,,-1.56E-03,0,,,,,-1.56E-03,0
,,,-1.56E-03,0,,,,,-1.56E-03,0
,,,-1.56E-03,0,,,,,-1.56E-03,0
,,,-1.56E-03,0,,,,,-1.56E-03,0
,,,-1.56E-03,0,,,,,-1.56E-03,-4.00E-02
,,,-1.55E-03,0,,,,,-1.55E-03,0
,,,-1.55E-03,0,,,,,-1.55E-03,-4.00E-02
,,,-1.55E-03,0,,,,,-1.55E-03,-4.00E-02
,,,-1.55E-03,0,,,,,-1.55E-03,-4.00E-02
,,,-1.55E-03,0,,,,,-1.55E-03,-4.00E-02
,,,-1.54E-03,0,,,,,-1.54E-03,0
,,,-1.54E-03,0,,,,,-1.54E-03,0
,,,-1.54E-03,0,,,,,-1.54E-03,0
,,,-1.54E-03,0,,,,,-1.54E-03,0
,,,-1.54E-03,0,,,,,-1.54E-03,0
,,,-1.53E-03,0,,,,,-1.53E-03,0
,,,-1.53E-03,0,,,,,-1.53E-03,0
,,,-1.53E-03,0,,,,,-1.53E-03,-4.00E-02
,,,-1.53E-03,0,,,,,-1.53E-03,-4.00E-02
,,,-1.53E-03,0,,,,,-1.53E-03,-4.00E-02
,,,-1.52E-03,0,,,,,-1.52E-03,-4.00E-02
,,,-1.52E-03,0,,,,,-1.52E-03,-4.00E-02
,,,-1.52E-03,0,,,,,-1.52E-03,0
,,,-1.52E-03,2.00E-01,,,,,-1.52E-03,0
,,,-1.52E-03,0,,,,,-1.52E-03,0
,,,-1.51E-03,0,,,,,-1.51E-03,-4.00E-02
,,,-1.51E-03,0,,,,,-1.51E-03,-4.00E-02
,,,-1.51E-03,0,,,,,-1.51E-03,-4.00E-02
,,,-1.51E-03,0,,,,,-1.51E-03,0
,,,-1.51E-03,0,,,,,-1.51E-03,0
,,,-1.50E-03,0,,,,,-1.50E-03,0
,,,-1.50E-03,0,,,,,-1.50E-03,0
,,,-1.50E-03,0,,,,,-1.50E-03,0
,,,-1.50E-03,2.00E-01,,,,,-1.50E-03,0
,,,-1.50E-03,0,,,,,-1.50E-03,-4.00E-02
,,,-1.49E-03,0,,,,,-1.49E-03,-4.00E-02
,,,-1.49E-03,0,,,,,-1.49E-03,-4.00E-02
,,,-1.49E-03,2.00E-01,,,,,-1.49E-03,-4.00E-02
,,,-1.49E-03,0,,,,,-1.49E-03,-4.00E-02
,,,-1.49E-03,0,,,,,-1.49E-03,0
,,,-1.48E-03,0,,,,,-1.48E-03,0
,,,-1.48E-03,0,,,,,-1.48E-03,0
,,,-1.48E-03,0,,,,,-1.48E-03,0
,,,-1.48E-03,0,,,,,-1.48E-03,0
,,,-1.48E-03,0,,,,,-1.48E-03,0
,,,-1.47E-03,0,,,,,-1.47E-03,0
,,,-1.47E-03,0,,,,,-1.47E-03,-4.00E-02
,,,-1.47E-03,0,,,,,-1.47E-03,0
,,,-1.47E-03,0,,,,,-1.47E-03,0
,,,-1.47E-03,0,,,,,-1.47E-03,0
,,,-1.46E-03,0,,,,,-1.46E-03,0
,,,-1.46E-03,0,,,,,-1.46E-03,0
,,,-1.46E-03,0,,,,,-1.46E-03,-4.00E-02
,,,-1.46E-03,0,,,,,-1.46E-03,-4.00E-02
,,,-1.46E-03,0,,,,,-1.46E-03,-4.00E-02
,,,-1.45E-03,0,,,,,-1.45E-03,-4.00E-02
,,,-1.45E-03,0,,,,,-1.45E-03,-4.00E-02
,,,-1.45E-03,0,,,,,-1.45E-03,0
,,,-1.45E-03,0,,,,,-1.45E-03,0
,,,-1.45E-03,0,,,,,-1.45E-03,0
,,,-1.44E-03,0,,,,,-1.44E-03,0
,,,-1.44E-03,0,,,,,-1.44E-03,0
,,,-1.44E-03,0,,,,,-1.44E-03,0
,,,-1.44E-03,0,,,,,-1.44E-03,-4.00E-02
,,,-1.44E-03,0,,,,,-1.44E-03,-4.00E-02
,,,-1.43E-03,0,,,,,-1.43E-03,-4.00E-02
,,,-1.43E-03,0,,,,,-1.43E-03,-4.00E-02
,,,-1.43E-03,0,,,,,-1.43E-03,0
,,,-1.43E-03,0,,,,,-1.43E-03,0
,,,-1.43E-03,0,,,,,-1.43E-03,0
,,,-1.42E-03,0,,,,,-1.42E-03,0
,,,-1.42E-03,0,,,,,-1.42E-03,-4.00E-02
,,,-1.42E-03,0,,,,,-1.42E-03,-4.00E-02
,,,-1.42E-03,0,,,,,-1.42E-03,0
,,,-1.42E-03,0,,,,,-1.42E-03,0
,,,-1.41E-03,0,,,,,-1.41E-03,0
,,,-1.41E-03,0,,,,,-1.41E-03,0
,,,-1.41E-03,0,,,,,-1.41E-03,0
,,,-1.41E-03,0,,,,,-1.41E-03,0
,,,-1.41E-03,2.00E-01,,,,,-1.41E-03,-4.00E-02
,,,-1.40E-03,0,,,,,-1.40E-03,-4.00E-02
,,,-1.40E-03,0,,,,,-1.40E-03,-4.00E-02
,,,-1.40E-03,0,,,,,-1.40E-03,-4.00E-02
,,,-1.40E-03,0,,,,,-1.40E-03,-4.00E-02
,,,-1.40E-03,0,,,,,-1.40E-03,-4.00E-02
,,,-1.39E-03,0,,,,,-1.39E-03,-4.00E-02
,,,-1.39E-03,0,,,,,-1.39E-03,0
,,,-1.39E-03,0,,,,,-1.39E-03,0
,,,-1.39E-03,0,,,,,-1.39E-03,0
,,,-1.39E-03,0,,,,,-1.39E-03,0
,,,-1.38E-03,0,,,,,-1.38E-03,0
,,,-1.38E-03,0,,,,,-1.38E-03,-4.00E-02
,,,-1.38E-03,0,,,,,-1.38E-03,0
,,,-1.38E-03,0,,,,,-1.38E-03,0
,,,-1.38E-03,0,,,,,-1.38E-03,-4.00E-02
,,,-1.37E-03,0,,,,,-1.37E-03,0
,,,-1.37E-03,0,,,,,-1.37E-03,0
,,,-1.37E-03,0,,,,,-1.37E-03,-4.00E-02
,,,-1.37E-03,0,,,,,-1.37E-03,0
,,,-1.37E-03,0,,,,,-1.37E-03,-4.00E-02
,,,-1.36E-03,0,,,,,-1.36E-03,-4.00E-02
,,,-1.36E-03,0,,,,,-1.36E-03,-4.00E-02
,,,-1.36E-03,0,,,,,-1.36E-03,-4.00E-02
,,,-1.36E-03,0,,,,,-1.36E-03,0
,,,-1.36E-03,0,,,,,-1.36E-03,0
,,,-1.35E-03,0,,,,,-1.35E-03,0
,,,-1.35E-03,0,,,,,-1.35E-03,0
,,,-1.35E-03,0,,,,,-1.35E-03,0
,,,-1.35E-03,0,,,,,-1.35E-03,0
,,,-1.35E-03,0,,,,,-1.35E-03,0
,,,-1.34E-03,0,,,,,-1.34E-03,0
,,,-1.34E-03,0,,,,,-1.34E-03,-4.00E-02
,,,-1.34E-03,0,,,,,-1.34E-03,-4.00E-02
,,,-1.34E-03,0,,,,,-1.34E-03,-4.00E-02
,,,-1.34E-03,0,,,,,-1.34E-03,0
,,,-1.33E-03,0,,,,,-1.33E-03,0
,,,-1.33E-03,0,,,,,-1.33E-03,0
,,,-1.33E-03,0,,,,,-1.33E-03,0
,,,-1.33E-03,0,,,,,-1.33E-03,-4.00E-02
,,,-1.33E-03,0,,,,,-1.33E-03,0
,,,-1.32E-03,0,,,,,-1.32E-03,-4.00E-02
,,,-1.32E-03,0,,,,,-1.32E-03,0
,,,-1.32E-03,0,,,,,-1.32E-03,0
,,,-1.32E-03,0,,,,,-1.32E-03,0
,,,-1.32E-03,0,,,,,-1.32E-03,0
,,,-1.31E-03,2.00E-01,,,,,-1.31E-03,0
,,,-1.31E-03,0,,,,,-1.31E-03,0
,,,-1.31E-03,0,,,,,-1.31E-03,-4.00E-02
,,,-1.31E-03,0,,,,,-1.31E-03,-4.00E-02
,,,-1.31E-03,0,,,,,-1.31E-03,-4.00E-02
,,,-1.30E-03,0,,,,,-1.30E-03,-4.00E-02
,,,-1.30E-03,0,,,,,-1.30E-03,-4.00E-02
,,,-1.30E-03,0,,,,,-1.30E-03,-4.00E-02
,,,-1.30E-03,0,,,,,-1.30E-03,0
,,,-1.30E-03,0,,,,,-1.30E-03,0
,,,-1.29E-03,0,,,,,-1.29E-03,0
,,,-1.29E-03,0,,,,,-1.29E-03,0
,,,-1.29E-03,0,,,,,-1.29E-03,0
,,,-1.29E-03,0,,,,,-1.29E-03,-4.00E-02
,,,-1.29E-03,0,,,,,-1.29E-03,0
,,,-1.28E-03,0,,,,,-1.28E-03,0
,,,-1.28E-03,0,,,,,-1.28E-03,0
,,,-1.28E-03,0,,,,,-1.28E-03,0
,,,-1.28E-03,0,,,,,-1.28E-03,0
,,,-1.28E-03,0,,,,,-1.28E-03,-4.00E-02
,,,-1.27E-03,0,,,,,-1.27E-03,0
,,,-1.27E-03,0,,,,,-1.27E-03,-4.00E-02
,,,-1.27E-03,0,,,,,-1.27E-03,-4.00E-02
,,,-1.27E-03,0,,,,,-1.27E-03,-4.00E-02
,,,-1.27E-03,0,,,,,-1.27E-03,0
,,,-1.26E-03,0,,,,,-1.26E-03,0
,,,-1.26E-03,0,,,,,-1.26E-03,0
,,,-1.26E-03,0,,,,,-1.26E-03,0
,,,-1.26E-03,0,,,,,-1.26E-03,0
,,,-1.26E-03,0,,,,,-1.26E-03,0
,,,-1.25E-03,0,,,,,-1.25E-03,0
,,,-1.25E-03,0,,,,,-1.25E-03,-4.00E-02
,,,-1.25E-03,0,,,,,-1.25E-03,-4.00E-02
,,,-1.25E-03,0,,,,,-1.25E-03,-4.00E-02
,,,-1.25E-03,0,,,,,-1.25E-03,0
,,,-1.24E-03,0,,,,,-1.24E-03,-4.00E-02
,,,-1.24E-03,0,,,,,-1.24E-03,0
,,,-1.24E-03,0,,,,,-1.24E-03,0
,,,-1.24E-03,0,,,,,-1.24E-03,0
,,,-1.24E-03,0,,,,,-1.24E-03,-4.00E-02
,,,-1.23E-03,0,,,,,-1.23E-03,0
,,,-1.23E-03,0,,,,,-1.23E-03,-4.00E-02
,,,-1.23E-03,0,,,,,-1.23E-03,0
,,,-1.23E-03,0,,,,,-1.23E-03,0
,,,-1.23E-03,0,,,,,-1.23E-03,0
,,,-1.22E-03,0,,,,,-1.22E-03,0
,,,-1.22E-03,0,,,,,-1.22E-03,0
,,,-1.22E-03,0,,,,,-1.22E-03,0
,,,-1.22E-03,0,,,,,-1.22E-03,0
,,,-1.22E-03,0,,,,,-1.22E-03,0
,,,-1.21E-03,0,,,,,-1.21E-03,-4.00E-02
,,,-1.21E-03,0,,,,,-1.21E-03,-4.00E-02
,,,-1.21E-03,0,,,,,-1.21E-03,-4.00E-02
,,,-1.21E-03,0,,,,,-1.21E-03,-4.00E-02
,,,-1.21E-03,0,,,,,-1.21E-03,-4.00E-02
,,,-1.20E-03,0,,,,,-1.20E-03,0
,,,-1.20E-03,0,,,,,-1.20E-03,0
,,,-1.20E-03,0,,,,,-1.20E-03,0
,,,-1.20E-03,0,,,,,-1.20E-03,0
,,,-1.20E-03,0,,,,,-1.20E-03,-4.00E-02
,,,-1.19E-03,0,,,,,-1.19E-03,0
,,,-1.19E-03,0,,,,,-1.19E-03,0
,,,-1.19E-03,0,,,,,-1.19E-03,0
,,,-1.19E-03,2.00E-01,,,,,-1.19E-03,-4.00E-02
,,,-1.19E-03,0,,,,,-1.19E-03,0
,,,-1.18E-03,2.00E-01,,,,,-1.18E-03,0
,,,-1.18E-03,0,,,,,-1.18E-03,-4.00E-02
,,,-1.18E-03,0,,,,,-1.18E-03,-4.00E-02
,,,-1.18E-03,0,,,,,-1.18E-03,-4.00E-02
,,,-1.18E-03,0,,,,,-1.18E-03,-4.00E-02
,,,-1.17E-03,2.00E-01,,,,,-1.17E-03,0
,,,-1.17E-03,0,,,,,-1.17E-03,0
,,,-1.17E-03,0,,,,,-1.17E-03,0
,,,-1.17E-03,0,,,,,-1.17E-03,0
,,,-1.17E-03,0,,,,,-1.17E-03,0
,,,-1.16E-03,0,,,,,-1.16E-03,0
,,,-1.16E-03,0,,,,,-1.16E-03,0
,,,-1.16E-03,0,,,,,-1.16E-03,0
,,,-1.16E-03,0,,,,,-1.16E-03,-4.00E-02
,,,-1.16E-03,0,,,,,-1.16E-03,-4.00E-02
,,,-1.15E-03,0,,,,,-1.15E-03,0
,,,-1.15E-03,0,,,,,-1.15E-03,-4.00E-02
,,,-1.15E-03,0,,,,,-1.15E-03,0
,,,-1.15E-03,0,,,,,-1.15E-03,0
,,,-1.15E-03,0,,,,,-1.15E-03,0
,,,-1.14E-03,0,,,,,-1.14E-03,-4.00E-02
,,,-1.14E-03,0,,,,,-1.14E-03,0
,,,-1.14E-03,0,,,,,-1.14E-03,-4.00E-02
,,,-1.14E-03,0,,,,,-1.14E-03,0
,,,-1.14E-03,0,,,,,-1.14E-03,-4.00E-02
,,,-1.13E-03,0,,,,,-1.13E-03,0
,,,-1.13E-03,0,,,,,-1.13E-03,0
,,,-1.13E-03,0,,,,,-1.13E-03,0
,,,-1.13E-03,0,,,,,-1.13E-03,0
,,,-1.13E-03,2.00E-01,,,,,-1.13E-03,0
,,,-1.12E-03,0,,,,,-1.12E-03,-4.00E-02
,,,-1.12E-03,0,,,,,-1.12E-03,0
,,,-1.12E-03,0,,,,,-1.12E-03,-4.00E-02
,,,-1.12E-03,2.00E-01,,,,,-1.12E-03,-4.00E-02
,,,-1.12E-03,0,,,,,-1.12E-03,-4.00E-02
,,,-1.11E-03,0,,,,,-1.11E-03,0
,,,-1.11E-03,0,,,,,-1.11E-03,0
,,,-1.11E-03,0,,,,,-1.11E-03,0
,,,-1.11E-03,0,,,,,-1.11E-03,0
,,,-1.11E-03,0,,,,,-1.11E-03,0
,,,-1.10E-03,0,,,,,-1.10E-03,0
,,,-1.10E-03,0,,,,,-1.10E-03,-4.00E-02
,,,-1.10E-03,0,,,,,-1.10E-03,0
,,,-1.10E-03,0,,,,,-1.10E-03,-4.00E-02
,,,-1.10E-03,0,,,,,-1.10E-03,0
,,,-1.09E-03,0,,,,,-1.09E-03,0
,,,-1.09E-03,0,,,,,-1.09E-03,0
,,,-1.09E-03,0,,,,,-1.09E-03,-4.00E-02
,,,-1.09E-03,0,,,,,-1.09E-03,0
,,,-1.09E-03,0,,,,,-1.09E-03,-4.00E-02
,,,-1.08E-03,0,,,,,-1.08E-03,-4.00E-02
,,,-1.08E-03,0,,,,,-1.08E-03,-4.00E-02
,,,-1.08E-03,0,,,,,-1.08E-03,0
,,,-1.08E-03,0,,,,,-1.08E-03,0
,,,-1.08E-03,0,,,,,-1.08E-03,0
,,,-1.07E-03,0,,,,,-1.07E-03,0
,,,-1.07E-03,0,,,,,-1.07E-03,0
,,,-1.07E-03,0,,,,,-1.07E-03,0
,,,-1.07E-03,0,,,,,-1.07E-03,-4.00E-02
,,,-1.07E-03,0,,,,,-1.07E-03,0
,,,-1.06E-03,0,,,,,-1.06E-03,-4.00E-02
,,,-1.06E-03,0,,,,,-1.06E-03,-4.00E-02
,,,-1.06E-03,0,,,,,-1.06E-03,0
,,,-1.06E-03,0,,,,,-1.06E-03,0
,,,-1.06E-03,0,,,,,-1.06E-03,0
,,,-1.05E-03,0,,,,,-1.05E-03,0
,,,-1.05E-03,0,,,,,-1.05E-03,0
,,,-1.05E-03,0,,,,,-1.05E-03,-4.00E-02
,,,-1.05E-03,0,,,,,-1.05E-03,0
,,,-1.05E-03,0,,,,,-1.05E-03,-4.00E-02
,,,-1.04E-03,0,,,,,-1.04E-03,0
,,,-1.04E-03,0,,,,,-1.04E-03,0
,,,-1.04E-03,0,,,,,-1.04E-03,0
,,,-1.04E-03,0,,,,,-1.04E-03,0
,,,-1.04E-03,2.00E-01,,,,,-1.04E-03,0
,,,-1.03E-03,0,,,,,-1.03E-03,0
,,,-1.03E-03,0,,,,,-1.03E-03,-4.00E-02
,,,-1.03E-03,0,,,,,-1.03E-03,-4.00E-02
,,,-1.03E-03,0,,,,,-1.03E-03,-4.00E-02
,,,-1.03E-03,0,,,,,-1.03E-03,-4.00E-02
,,,-1.02E-03,0,,,,,-1.02E-03,-4.00E-02
,,,-1.02E-03,0,,,,,-1.02E-03,0
,,,-1.02E-03,0,,,,,-1.02E-03,0
,,,-1.02E-03,0,,,,,-1.02E-03,0
,,,-1.02E-03,0,,,,,-1.02E-03,0
,,,-1.01E-03,0,,,,,-1.01E-03,0
,,,-1.01E-03,0,,,,,-1.01E-03,0
,,,-1.01E-03,0,,,,,-1.01E-03,0
,,,-1.01E-03,0,,,,,-1.01E-03,-4.00E-02
,,,-1.01E-03,0,,,,,-1.01E-03,0
,,,-1.00E-03,0,,,,,-1.00E-03,0
,,,-1.00E-03,0,,,,,-1.00E-03,-4.00E-02
,,,-1.00E-03,-2.00E-01,,,,,-1.00E-03,0
,,,-9.98E-04,0,,,,,-9.98E-04,0
,,,-9.96E-04,0,,,,,-9.96E-04,0
,,,-9.94E-04,0,,,,,-9.94E-04,0
,,,-9.92E-04,0,,,,,-9.92E-04,-4.00E-02
,,,-9.90E-04,2.00E-01,,,,,-9.90E-04,-4.00E-02
,,,-9.88E-04,0,,,,,-9.88E-04,0
,,,-9.86E-04,0,,,,,-9.86E-04,0
,,,-9.84E-04,0,,,,,-9.84E-04,0
,,,-9.82E-04,0,,,,,-9.82E-04,0
,,,-9.80E-04,0,,,,,-9.80E-04,0
,,,-9.78E-04,0,,,,,-9.78E-04,0
,,,-9.76E-04,0,,,,,-9.76E-04,0
,,,-9.74E-04,0,,,,,-9.74E-04,0
,,,-9.72E-04,0,,,,,-9.72E-04,-4.00E-02
,,,-9.70E-04,0,,,,,-9.70E-04,-4.00E-02
,,,-9.68E-04,0,,,,,-9.68E-04,-4.00E-02
,,,-9.66E-04,0,,,,,-9.66E-04,-4.00E-02
,,,-9.64E-04,2.00E-01,,,,,-9.64E-04,0
,,,-9.62E-04,0,,,,,-9.62E-04,0
,,,-9.60E-04,0,,,,,-9.60E-04,0
,,,-9.58E-04,0,,,,,-9.58E-04,-4.00E-02
,,,-9.56E-04,0,,,,,-9.56E-04,0
,,,-9.54E-04,0,,,,,-9.54E-04,0
,,,-9.52E-04,0,,,,,-9.52E-04,0
,,,-9.50E-04,-2.00E-01,,,,,-9.50E-04,0
,,,-9.48E-04,0,,,,,-9.48E-04,-4.00E-02
,,,-9.46E-04,0,,,,,-9.46E-04,0
,,,-9.44E-04,0,,,,,-9.44E-04,0
,,,-9.42E-04,0,,,,,-9.42E-04,0
,,,-9.40E-04,0,,,,,-9.40E-04,0
,,,-9.38E-04,0,,,,,-9.38E-04,0
,,,-9.36E-04,0,,,,,-9.36E-04,0
,,,-9.34E-04,0,,,,,-9.34E-04,-4.00E-02
,,,-9.32E-04,0,,,,,-9.32E-04,-4.00E-02
,,,-9.30E-04,0,,,,,-9.30E-04,0
,,,-9.28E-04,0,,,,,-9.28E-04,0
,,,-9.26E-04,0,,,,,-9.26E-04,0
,,,-9.24E-04,0,,,,,-9.24E-04,0
,,,-9.22E-04,0,,,,,-9.22E-04,0
,,,-9.20E-04,0,,,,,-9.20E-04,0
,,,-9.18E-04,0,,,,,-9.18E-04,0
,,,-9.16E-04,0,,,,,-9.16E-04,0
,,,-9.14E-04,0,,,,,-9.14E-04,0
,,,-9.12E-04,0,,,,,-9.12E-04,0
,,,-9.10E-04,0,,,,,-9.10E-04,0
,,,-9.08E-04,0,,,,,-9.08E-04,0
,,,-9.06E-04,0,,,,,-9.06E-04,0
,,,-9.04E-04,0,,,,,-9.04E-04,-4.00E-02
,,,-9.02E-04,0,,,,,-9.02E-04,-4.00E-02
,,,-9.00E-04,0,,,,,-9.00E-04,0
,,,-8.98E-04,0,,,,,-8.98E-04,-4.00E-02
,,,-8.96E-04,0,,,,,-8.96E-04,-4.00E-02
,,,-8.94E-04,0,,,,,-8.94E-04,-4.00E-02
,,,-8.92E-04,0,,,,,-8.92E-04,0
,,,-8.90E-04,0,,,,,-8.90E-04,0
,,,-8.88E-04,0,,,,,-8.88E-04,0
,,,-8.86E-04,0,,,,,-8.86E-04,0
,,,-8.84E-04,0,,,,,-8.84E-04,0
,,,-8.82E-04,0,,,,,-8.82E-04,0
,,,-8.80E-04,0,,,,,-8.80E-04,-4.00E-02
,,,-8.78E-04,0,,,,,-8.78E-04,-4.00E-02
,,,-8.76E-04,0,,,,,-8.76E-04,-4.00E-02
,,,-8.74E-04,0,,,,,-8.74E-04,0
,,,-8.72E-04,0,,,,,-8.72E-04,0
,,,-8.70E-04,0,,,,,-8.70E-04,0
,,,-8.68E-04,0,,,,,-8.68E-04,0
,,,-8.66E-04,0,,,,,-8.66E-04,0
,,,-8.64E-04,0,,,,,-8.64E-04,0
,,,-8.62E-04,0,,,,,-8.62E-04,-4.00E-02
,,,-8.60E-04,0,,,,,-8.60E-04,-4.00E-02
,,,-8.58E-04,0,,,,,-8.58E-04,-4.00E-02
,,,-8.56E-04,0,,,,,-8.56E-04,0
,,,-8.54E-04,0,,,,,-8.54E-04,0
,,,-8.52E-04,0,,,,,-8.52E-04,0
,,,-8.50E-04,0,,,,,-8.50E-04,0
,,,-8.48E-04,0,,,,,-8.48E-04,0
,,,-8.46E-04,0,,,,,-8.46E-04,0
,,,-8.44E-04,0,,,,,-8.44E-04,-4.00E-02
,,,-8.42E-04,0,,,,,-8.42E-04,-4.00E-02
,,,-8.40E-04,0,,,,,-8.40E-04,0
,,,-8.38E-04,0,,,,,-8.38E-04,0
,,,-8.36E-04,0,,,,,-8.36E-04,0
,,,-8.34E-04,0,,,,,-8.34E-04,0
,,,-8.32E-04,0,,,,,-8.32E-04,0
,,,-8.30E-04,0,,,,,-8.30E-04,0
,,,-8.28E-04,0,,,,,-8.28E-04,0
,,,-8.26E-04,0,,,,,-8.26E-04,0
,,,-8.24E-04,0,,,,,-8.24E-04,-4.00E-02
,,,-8.22E-04,0,,,,,-8.22E-04,-4.00E-02
,,,-8.20E-04,0,,,,,-8.20E-04,0
,,,-8.18E-04,0,,,,,-8.18E-04,0
,,,-8.16E-04,0,,,,,-8.16E-04,0
,,,-8.14E-04,0,,,,,-8.14E-04,0
,,,-8.12E-04,0,,,,,-8.12E-04,0
,,,-8.10E-04,0,,,,,-8.10E-04,0
,,,-8.08E-04,0,,,,,-8.08E-04,0
,,,-8.06E-04,0,,,,,-8.06E-04,0
,,,-8.04E-04,0,,,,,-8.04E-04,0
,,,-8.02E-04,2.00E-01,,,,,-8.02E-04,0
,,,-8.00E-04,0,,,,,-8.00E-04,0
,,,-7.98E-04,0,,,,,-7.98E-04,0
,,,-7.96E-04,0,,,,,-7.96E-04,0
,,,-7.94E-04,0,,,,,-7.94E-04,0
,,,-7.92E-04,0,,,,,-7.92E-04,0
,,,-7.90E-04,2.00E-01,,,,,-7.90E-04,0
,,,-7.88E-04,0,,,,,-7.88E-04,0
,,,-7.86E-04,0,,,,,-7.86E-04,0
,,,-7.84E-04,0,,,,,-7.84E-04,0
,,,-7.82E-04,0,,,,,-7.82E-04,-4.00E-02
,,,-7.80E-04,0,,,,,-7.80E-04,0
,,,-7.78E-04,2.00E-01,,,,,-7.78E-04,0
,,,-7.76E-04,0,,,,,-7.76E-04,0
,,,-7.74E-04,0,,,,,-7.74E-04,0
,,,-7.72E-04,0,,,,,-7.72E-04,0
,,,-7.70E-04,0,,,,,-7.70E-04,0
,,,-7.68E-04,0,,,,,-7.68E-04,0
,,,-7.66E-04,0,,,,,-7.66E-04,0
,,,-7.64E-04,0,,,,,-7.64E-04,0
,,,-7.62E-04,0,,,,,-7.62E-04,0
,,,-7.60E-04,0,,,,,-7.60E-04,0
,,,-7.58E-04,0,,,,,-7.58E-04,0
,,,-7.56E-04,0,,,,,-7.56E-04,0
,,,-7.54E-04,0,,,,,-7.54E-04,0
,,,-7.52E-04,0,,,,,-7.52E-04,0
,,,-7.50E-04,0,,,,,-7.50E-04,0
,,,-7.48E-04,0,,,,,-7.48E-04,-4.00E-02
,,,-7.46E-04,0,,,,,-7.46E-04,-4.00E-02
,,,-7.44E-04,0,,,,,-7.44E-04,-4.00E-02
,,,-7.42E-04,0,,,,,-7.42E-04,0
,,,-7.40E-04,0,,,,,-7.40E-04,0
,,,-7.38E-04,0,,,,,-7.38E-04,0
,,,-7.36E-04,0,,,,,-7.36E-04,0
,,,-7.34E-04,0,,,,,-7.34E-04,0
,,,-7.32E-04,0,,,,,-7.32E-04,0
,,,-7.30E-04,0,,,,,-7.30E-04,0
,,,-7.28E-04,0,,,,,-7.28E-04,-4.00E-02
,,,-7.26E-04,2.00E-01,,,,,-7.26E-04,0
,,,-7.24E-04,0,,,,,-7.24E-04,0
,,,-7.22E-04,0,,,,,-7.22E-04,0
,,,-7.20E-04,0,,,,,-7.20E-04,0
,,,-7.18E-04,0,,,,,-7.18E-04,0
,,,-7.16E-04,0,,,,,-7.16E-04,0
,,,-7.14E-04,0,,,,,-7.14E-04,-4.00E-02
,,,-7.12E-04,0,,,,,-7.12E-04,0
,,,-7.10E-04,0,,,,,-7.10E-04,0
,,,-7.08E-04,0,,,,,-7.08E-04,-4.00E-02
,,,-7.06E-04,0,,,,,-7.06E-04,0
,,,-7.04E-04,0,,,,,-7.04E-04,0
,,,-7.02E-04,0,,,,,-7.02E-04,0
,,,-7.00E-04,0,,,,,-7.00E-04,0
,,,-6.98E-04,2.00E-01,,,,,-6.98E-04,0
,,,-6.96E-04,0,,,,,-6.96E-04,0
,,,-6.94E-04,0,,,,,-6.94E-04,0
,,,-6.92E-04,0,,,,,-6.92E-04,-4.00E-02
,,,-6.90E-04,0,,,,,-6.90E-04,0
,,,-6.88E-04,0,,,,,-6.88E-04,-4.00E-02
,,,-6.86E-04,2.00E-01,,,,,-6.86E-04,0
,,,-6.84E-04,0,,,,,-6.84E-04,0
,,,-6.82E-04,0,,,,,-6.82E-04,0
,,,-6.80E-04,0,,,,,-6.80E-04,0
,,,-6.78E-04,0,,,,,-6.78E-04,0
,,,-6.76E-04,0,,,,,-6.76E-04,0
,,,-6.74E-04,0,,,,,-6.74E-04,0
,,,-6.72E-04,0,,,,,-6.72E-04,0
,,,-6.70E-04,0,,,,,-6.70E-04,0
,,,-6.68E-04,0,,,,,-6.68E-04,0
,,,-6.66E-04,0,,,,,-6.66E-04,0
,,,-6.64E-04,0,,,,,-6.64E-04,0
,,,-6.62E-04,0,,,,,-6.62E-04,0
,,,-6.60E-04,0,,,,,-6.60E-04,0
,,,-6.58E-04,0,,,,,-6.58E-04,0
,,,-6.56E-04,0,,,,,-6.56E-04,-4.00E-02
,,,-6.54E-04,0,,,,,-6.54E-04,0
,,,-6.52E-04,0,,,,,-6.52E-04,-4.00E-02
,,,-6.50E-04,0,,,,,-6.50E-04,0
,,,-6.48E-04,0,,,,,-6.48E-04,0
,,,-6.46E-04,0,,,,,-6.46E-04,0
,,,-6.44E-04,0,,,,,-6.44E-04,0
,,,-6.42E-04,0,,,,,-6.42E-04,0
,,,-6.40E-04,0,,,,,-6.40E-04,0
,,,-6.38E-04,0,,,,,-6.38E-04,-4.00E-02
,,,-6.36E-04,0,,,,,-6.36E-04,-4.00E-02
,,,-6.34E-04,0,,,,,-6.34E-04,0
,,,-6.32E-04,0,,,,,-6.32E-04,-4.00E-02
,,,-6.30E-04,0,,,,,-6.30E-04,0
,,,-6.28E-04,0,,,,,-6.28E-04,0
,,,-6.26E-04,0,,,,,-6.26E-04,0
,,,-6.24E-04,0,,,,,-6.24E-04,0
,,,-6.22E-04,0,,,,,-6.22E-04,0
,,,-6.20E-04,0,,,,,-6.20E-04,0
,,,-6.18E-04,0,,,,,-6.18E-04,0
,,,-6.16E-04,0,,,,,-6.16E-04,0
,,,-6.14E-04,0,,,,,-6.14E-04,0
,,,-6.12E-04,0,,,,,-6.12E-04,0
,,,-6.10E-04,0,,,,,-6.10E-04,0
,,,-6.08E-04,0,,,,,-6.08E-04,0
,,,-6.06E-04,0,,,,,-6.06E-04,0
,,,-6.04E-04,0,,,,,-6.04E-04,0
,,,-6.02E-04,0,,,,,-6.02E-04,0
,,,-6.00E-04,0,,,,,-6.00E-04,0
,,,-5.98E-04,0,,,,,-5.98E-04,0
,,,-5.96E-04,0,,,,,-5.96E-04,0
,,,-5.94E-04,0,,,,,-5.94E-04,0
,,,-5.92E-04,0,,,,,-5.92E-04,0
,,,-5.90E-04,0,,,,,-5.90E-04,0
,,,-5.88E-04,0,,,,,-5.88E-04,0
,,,-5.86E-04,0,,,,,-5.86E-04,0
,,,-5.84E-04,0,,,,,-5.84E-04,0
,,,-5.82E-04,0,,,,,-5.82E-04,0
,,,-5.80E-04,0,,,,,-5.80E-04,0
,,,-5.78E-04,0,,,,,-5.78E-04,0
,,,-5.76E-04,0,,,,,-5.76E-04,0
,,,-5.74E-04,0,,,,,-5.74E-04,0
,,,-5.72E-04,0,,,,,-5.72E-04,4.00E-02
,,,-5.70E-04,0,,,,,-5.70E-04,0
,,,-5.68E-04,0,,,,,-5.68E-04,0
,,,-5.66E-04,0,,,,,-5.66E-04,0
,,,-5.64E-04,0,,,,,-5.64E-04,0
,,,-5.62E-04,0,,,,,-5.62E-04,-4.00E-02
,,,-5.60E-04,0,,,,,-5.60E-04,0
,,,-5.58E-04,0,,,,,-5.58E-04,0
,,,-5.56E-04,0,,,,,-5.56E-04,0
,,,-5.54E-04,0,,,,,-5.54E-04,0
,,,-5.52E-04,0,,,,,-5.52E-04,0
,,,-5.50E-04,0,,,,,-5.50E-04,0
,,,-5.48E-04,0,,,,,-5.48E-04,0
,,,-5.46E-04,0,,,,,-5.46E-04,0
,,,-5.44E-04,0,,,,,-5.44E-04,0
,,,-5.42E-04,0,,,,,-5.42E-04,0
,,,-5.40E-04,0,,,,,-5.40E-04,0
,,,-5.38E-04,0,,,,,-5.38E-04,0
,,,-5.36E-04,0,,,,,-5.36E-04,0
,,,-5.34E-04,0,,,,,-5.34E-04,0
,,,-5.32E-04,0,,,,,-5.32E-04,0
,,,-5.30E-04,0,,,,,-5.30E-04,0
,,,-5.28E-04,0,,,,,-5.28E-04,0
,,,-5.26E-04,0,,,,,-5.26E-04,0
,,,-5.24E-04,0,,,,,-5.24E-04,0
,,,-5.22E-04,2.00E-01,,,,,-5.22E-04,0
,,,-5.20E-04,0,,,,,-5.20E-04,0
,,,-5.18E-04,0,,,,,-5.18E-04,0
,,,-5.16E-04,0,,,,,-5.16E-04,0
,,,-5.14E-04,0,,,,,-5.14E-04,0
,,,-5.12E-04,0,,,,,-5.12E-04,0
,,,-5.10E-04,0,,,,,-5.10E-04,0
,,,-5.08E-04,0,,,,,-5.08E-04,-4.00E-02
,,,-5.06E-04,0,,,,,-5.06E-04,-4.00E-02
,,,-5.04E-04,0,,,,,-5.04E-04,-4.00E-02
,,,-5.02E-04,0,,,,,-5.02E-04,0
,,,-5.00E-04,0,,,,,-5.00E-04,0
,,,-4.98E-04,0,,,,,-4.98E-04,0
,,,-4.96E-04,0,,,,,-4.96E-04,0
,,,-4.94E-04,0,,,,,-4.94E-04,0
,,,-4.92E-04,0,,,,,-4.92E-04,0
,,,-4.90E-04,0,,,,,-4.90E-04,0
,,,-4.88E-04,0,,,,,-4.88E-04,0
,,,-4.86E-04,0,,,,,-4.86E-04,0
,,,-4.84E-04,0,,,,,-4.84E-04,0
,,,-4.82E-04,0,,,,,-4.82E-04,0
,,,-4.80E-04,0,,,,,-4.80E-04,0
,,,-4.78E-04,0,,,,,-4.78E-04,0
,,,-4.76E-04,0,,,,,-4.76E-04,0
,,,-4.74E-04,0,,,,,-4.74E-04,0
,,,-4.72E-04,0,,,,,-4.72E-04,0
,,,-4.70E-04,0,,,,,-4.70E-04,0
,,,-4.68E-04,0,,,,,-4.68E-04,0
,,,-4.66E-04,0,,,,,-4.66E-04,0
,,,-4.64E-04,0,,,,,-4.64E-04,0
,,,-4.62E-04,0,,,,,-4.62E-04,0
,,,-4.60E-04,0,,,,,-4.60E-04,0
,,,-4.58E-04,0,,,,,-4.58E-04,0
,,,-4.56E-04,0,,,,,-4.56E-04,0
,,,-4.54E-04,0,,,,,-4.54E-04,4.00E-02
,,,-4.52E-04,0,,,,,-4.52E-04,0
,,,-4.50E-04,0,,,,,-4.50E-04,0
,,,-4.48E-04,0,,,,,-4.48E-04,0
,,,-4.46E-04,0,,,,,-4.46E-04,0
,,,-4.44E-04,0,,,,,-4.44E-04,0
,,,-4.42E-04,0,,,,,-4.42E-04,0
,,,-4.40E-04,0,,,,,-4.40E-04,0
,,,-4.38E-04,0,,,,,-4.38E-04,0
,,,-4.36E-04,0,,,,,-4.36E-04,0
,,,-4.34E-04,0,,,,,-4.34E-04,0
,,,-4.32E-04,0,,,,,-4.32E-04,0
,,,-4.30E-04,0,,,,,-4.30E-04,0
,,,-4.28E-04,2.00E-01,,,,,-4.28E-04,0
,,,-4.26E-04,0,,,,,-4.26E-04,0
,,,-4.24E-04,0,,,,,-4.24E-04,4.00E-02
,,,-4.22E-04,0,,,,,-4.22E-04,0
,,,-4.20E-04,0,,,,,-4.20E-04,0
,,,-4.18E-04,0,,,,,-4.18E-04,0
,,,-4.16E-04,0,,,,,-4.16E-04,0
,,,-4.14E-04,0,,,,,-4.14E-04,0
,,,-4.12E-04,0,,,,,-4.12E-04,0
,,,-4.10E-04,0,,,,,-4.10E-04,0
,,,-4.08E-04,0,,,,,-4.08E-04,0
,,,-4.06E-04,0,,,,,-4.06E-04,0
,,,-4.04E-04,0,,,,,-4.04E-04,0
,,,-4.02E-04,0,,,,,-4.02E-04,0
,,,-4.00E-04,0,,,,,-4.00E-04,0
,,,-3.98E-04,0,,,,,-3.98E-04,0
,,,-3.96E-04,0,,,,,-3.96E-04,0
,,,-3.94E-04,0,,,,,-3.94E-04,0
,,,-3.92E-04,0,,,,,-3.92E-04,0
,,,-3.90E-04,0,,,,,-3.90E-04,0
,,,-3.88E-04,0,,,,,-3.88E-04,0
,,,-3.86E-04,0,,,,,-3.86E-04,0
,,,-3.84E-04,0,,,,,-3.84E-04,0
,,,-3.82E-04,0,,,,,-3.82E-04,0
,,,-3.80E-04,0,,,,,-3.80E-04,0
,,,-3.78E-04,0,,,,,-3.78E-04,-4.00E-02
,,,-3.76E-04,0,,,,,-3.76E-04,0
,,,-3.74E-04,0,,,,,-3.74E-04,0
,,,-3.72E-04,0,,,,,-3.72E-04,0
,,,-3.70E-04,0,,,,,-3.70E-04,0
,,,-3.68E-04,0,,,,,-3.68E-04,4.00E-02
,,,-3.66E-04,0,,,,,-3.66E-04,0
,,,-3.64E-04,0,,,,,-3.64E-04,4.00E-02
,,,-3.62E-04,0,,,,,-3.62E-04,0
,,,-3.60E-04,0,,,,,-3.60E-04,0
,,,-3.58E-04,0,,,,,-3.58E-04,0
,,,-3.56E-04,0,,,,,-3.56E-04,0
,,,-3.54E-04,0,,,,,-3.54E-04,0
,,,-3.52E-04,0,,,,,-3.52E-04,0
,,,-3.50E-04,0,,,,,-3.50E-04,0
,,,-3.48E-04,0,,,,,-3.48E-04,0
,,,-3.46E-04,0,,,,,-3.46E-04,0
,,,-3.44E-04,0,,,,,-3.44E-04,0
,,,-3.42E-04,0,,,,,-3.42E-04,0
,,,-3.40E-04,0,,,,,-3.40E-04,0
,,,-3.38E-04,0,,,,,-3.38E-04,0
,,,-3.36E-04,0,,,,,-3.36E-04,0
,,,-3.34E-04,0,,,,,-3.34E-04,0
,,,-3.32E-04,0,,,,,-3.32E-04,0
,,,-3.30E-04,0,,,,,-3.30E-04,0
,,,-3.28E-04,0,,,,,-3.28E-04,0
,,,-3.26E-04,0,,,,,-3.26E-04,0
,,,-3.24E-04,0,,,,,-3.24E-04,0
,,,-3.22E-04,0,,,,,-3.22E-04,0
,,,-3.20E-04,0,,,,,-3.20E-04,-4.00E-02
,,,-3.18E-04,0,,,,,-3.18E-04,0
,,,-3.16E-04,0,,,,,-3.16E-04,0
,,,-3.14E-04,0,,,,,-3.14E-04,0
,,,-3.12E-04,0,,,,,-3.12E-04,0
,,,-3.10E-04,0,,,,,-3.10E-04,0
,,,-3.08E-04,0,,,,,-3.08E-04,0
,,,-3.06E-04,0,,,,,-3.06E-04,0
,,,-3.04E-04,0,,,,,-3.04E-04,0
,,,-3.02E-04,0,,,,,-3.02E-04,0
,,,-3.00E-04,0,,,,,-3.00E-04,0
,,,-2.98E-04,0,,,,,-2.98E-04,0
,,,-2.96E-04,0,,,,,-2.96E-04,0
,,,-2.94E-04,0,,,,,-2.94E-04,0
,,,-2.92E-04,0,,,,,-2.92E-04,0
,,,-2.90E-04,0,,,,,-2.90E-04,0
,,,-2.88E-04,0,,,,,-2.88E-04,0
,,,-2.86E-04,0,,,,,-2.86E-04,0
,,,-2.84E-04,0,,,,,-2.84E-04,0
,,,-2.82E-04,0,,,,,-2.82E-04,0
,,,-2.80E-04,0,,,,,-2.80E-04,0
,,,-2.78E-04,0,,,,,-2.78E-04,0
,,,-2.76E-04,0,,,,,-2.76E-04,0
,,,-2.74E-04,0,,,,,-2.74E-04,4.00E-02
,,,-2.72E-04,0,,,,,-2.72E-04,4.00E-02
,,,-2.70E-04,0,,,,,-2.70E-04,4.00E-02
,,,-2.68E-04,0,,,,,-2.68E-04,0
,,,-2.66E-04,0,,,,,-2.66E-04,0
,,,-2.64E-04,0,,,,,-2.64E-04,0
,,,-2.62E-04,0,,,,,-2.62E-04,0
,,,-2.60E-04,0,,,,,-2.60E-04,0
,,,-2.58E-04,0,,,,,-2.58E-04,0
,,,-2.56E-04,0,,,,,-2.56E-04,0
,,,-2.54E-04,0,,,,,-2.54E-04,0
,,,-2.52E-04,0,,,,,-2.52E-04,0
,,,-2.50E-04,0,,,,,-2.50E-04,0
,,,-2.48E-04,0,,,,,-2.48E-04,4.00E-02
,,,-2.46E-04,0,,,,,-2.46E-04,0
,,,-2.44E-04,0,,,,,-2.44E-04,4.00E-02
,,,-2.42E-04,0,,,,,-2.42E-04,0
,,,-2.40E-04,0,,,,,-2.40E-04,4.00E-02
,,,-2.38E-04,0,,,,,-2.38E-04,4.00E-02
,,,-2.36E-04,0,,,,,-2.36E-04,4.00E-02
,,,-2.34E-04,0,,,,,-2.34E-04,0
,,,-2.32E-04,0,,,,,-2.32E-04,0
,,,-2.30E-04,0,,,,,-2.30E-04,0
,,,-2.28E-04,0,,,,,-2.28E-04,0
,,,-2.26E-04,0,,,,,-2.26E-04,0
,,,-2.24E-04,0,,,,,-2.24E-04,0
,,,-2.22E-04,0,,,,,-2.22E-04,0
,,,-2.20E-04,0,,,,,-2.20E-04,0
,,,-2.18E-04,0,,,,,-2.18E-04,0
,,,-2.16E-04,0,,,,,-2.16E-04,4.00E-02
,,,-2.14E-04,0,,,,,-2.14E-04,4.00E-02
,,,-2.12E-04,0,,,,,-2.12E-04,0
,,,-2.10E-04,0,,,,,-2.10E-04,0
,,,-2.08E-04,0,,,,,-2.08E-04,0
,,,-2.06E-04,0,,,,,-2.06E-04,0
,,,-2.04E-04,0,,,,,-2.04E-04,4.00E-02
,,,-2.02E-04,0,,,,,-2.02E-04,0
,,,-2.00E-04,0,,,,,-2.00E-04,4.00E-02
,,,-1.98E-04,0,,,,,-1.98E-04,0
,,,-1.96E-04,0,,,,,-1.96E-04,0
,,,-1.94E-04,0,,,,,-1.94E-04,0
,,,-1.92E-04,0,,,,,-1.92E-04,0
,,,-1.90E-04,0,,,,,-1.90E-04,0
,,,-1.88E-04,0,,,,,-1.88E-04,0
,,,-1.86E-04,0,,,,,-1.86E-04,4.00E-02
,,,-1.84E-04,0,,,,,-1.84E-04,4.00E-02
,,,-1.82E-04,0,,,,,-1.82E-04,4.00E-02
,,,-1.80E-04,0,,,,,-1.80E-04,4.00E-02
,,,-1.78E-04,0,,,,,-1.78E-04,4.00E-02
,,,-1.76E-04,0,,,,,-1.76E-04,4.00E-02
,,,-1.74E-04,0,,,,,-1.74E-04,0
,,,-1.72E-04,0,,,,,-1.72E-04,0
,,,-1.70E-04,0,,,,,-1.70E-04,0
,,,-1.68E-04,0,,,,,-1.68E-04,0
,,,-1.66E-04,0,,,,,-1.66E-04,4.00E-02
,,,-1.64E-04,0,,,,,-1.64E-04,4.00E-02
,,,-1.62E-04,0,,,,,-1.62E-04,4.00E-02
,,,-1.60E-04,0,,,,,-1.60E-04,4.00E-02
,,,-1.58E-04,0,,,,,-1.58E-04,0
,,,-1.56E-04,0,,,,,-1.56E-04,4.00E-02
,,,-1.54E-04,0,,,,,-1.54E-04,4.00E-02
,,,-1.52E-04,2.00E-01,,,,,-1.52E-04,4.00E-02
,,,-1.50E-04,0,,,,,-1.50E-04,4.00E-02
,,,-1.48E-04,0,,,,,-1.48E-04,4.00E-02
,,,-1.46E-04,0,,,,,-1.46E-04,8.00E-02
,,,-1.44E-04,0,,,,,-1.44E-04,4.00E-02
,,,-1.42E-04,0,,,,,-1.42E-04,4.00E-02
,,,-1.40E-04,0,,,,,-1.40E-04,4.00E-02
,,,-1.38E-04,0,,,,,-1.38E-04,4.00E-02
,,,-1.36E-04,0,,,,,-1.36E-04,0
,,,-1.34E-04,0,,,,,-1.34E-04,0
,,,-1.32E-04,0,,,,,-1.32E-04,0
,,,-1.30E-04,0,,,,,-1.30E-04,0
,,,-1.28E-04,0,,,,,-1.28E-04,0
,,,-1.26E-04,0,,,,,-1.26E-04,4.00E-02
,,,-1.24E-04,0,,,,,-1.24E-04,4.00E-02
,,,-1.22E-04,0,,,,,-1.22E-04,4.00E-02
,,,-1.20E-04,0,,,,,-1.20E-04,4.00E-02
,,,-1.18E-04,0,,,,,-1.18E-04,4.00E-02
,,,-1.16E-04,0,,,,,-1.16E-04,4.00E-02
,,,-1.14E-04,0,,,,,-1.14E-04,4.00E-02
,,,-1.12E-04,0,,,,,-1.12E-04,4.00E-02
,,,-1.10E-04,0,,,,,-1.10E-04,4.00E-02
,,,-1.08E-04,0,,,,,-1.08E-04,4.00E-02
,,,-1.06E-04,0,,,,,-1.06E-04,4.00E-02
,,,-1.04E-04,0,,,,,-1.04E-04,4.00E-02
,,,-1.02E-04,0,,,,,-1.02E-04,0
,,,-1.00E-04,0,,,,,-1.00E-04,4.00E-02
,,,-9.80E-05,0,,,,,-9.80E-05,0
,,,-9.60E-05,0,,,,,-9.60E-05,4.00E-02
,,,-9.40E-05,0,,,,,-9.40E-05,4.00E-02
,,,-9.20E-05,0,,,,,-9.20E-05,4.00E-02
,,,-9.00E-05,0,,,,,-9.00E-05,8.00E-02
,,,-8.80E-05,0,,,,,-8.80E-05,8.00E-02
,,,-8.60E-05,0,,,,,-8.60E-05,8.00E-02
,,,-8.40E-05,0,,,,,-8.40E-05,8.00E-02
,,,-8.20E-05,0,,,,,-8.20E-05,4.00E-02
,,,-8.00E-05,0,,,,,-8.00E-05,4.00E-02
,,,-7.80E-05,0,,,,,-7.80E-05,4.00E-02
,,,-7.60E-05,0,,,,,-7.60E-05,4.00E-02
,,,-7.40E-05,0,,,,,-7.40E-05,4.00E-02
,,,-7.20E-05,0,,,,,-7.20E-05,4.00E-02
,,,-7.00E-05,0,,,,,-7.00E-05,8.00E-02
,,,-6.80E-05,0,,,,,-6.80E-05,8.00E-02
,,,-6.60E-05,0,,,,,-6.60E-05,8.00E-02
,,,-6.40E-05,0,,,,,-6.40E-05,4.00E-02
,,,-6.20E-05,0,,,,,-6.20E-05,4.00E-02
,,,-6.00E-05,0,,,,,-6.00E-05,4.00E-02
,,,-5.80E-05,0,,,,,-5.80E-05,8.00E-02
,,,-5.60E-05,0,,,,,-5.60E-05,8.00E-02
,,,-5.40E-05,0,,,,,-5.40E-05,8.00E-02
,,,-5.20E-05,0,,,,,-5.20E-05,8.00E-02
,,,-5.00E-05,0,,,,,-5.00E-05,8.00E-02
,,,-4.80E-05,0,,,,,-4.80E-05,8.00E-02
,,,-4.60E-05,0,,,,,-4.60E-05,4.00E-02
,,,-4.40E-05,0,,,,,-4.40E-05,8.00E-02
,,,-4.20E-05,0,,,,,-4.20E-05,8.00E-02
,,,-4.00E-05,0,,,,,-4.00E-05,8.00E-02
,,,-3.80E-05,0,,,,,-3.80E-05,8.00E-02
,,,-3.60E-05,0,,,,,-3.60E-05,8.00E-02
,,,-3.40E-05,0,,,,,-3.40E-05,8.00E-02
,,,-3.20E-05,0,,,,,-3.20E-05,1.20E-01
,,,-3.00E-05,0,,,,,-3.00E-05,1.20E-01
,,,-2.80E-05,0,,,,,-2.80E-05,1.20E-01
,,,-2.60E-05,0,,,,,-2.60E-05,1.20E-01
,,,-2.40E-05,0,,,,,-2.40E-05,8.00E-02
,,,-2.20E-05,0,,,,,-2.20E-05,1.20E-01
,,,-2.00E-05,0,,,,,-2.00E-05,1.20E-01
,,,-1.80E-05,0,,,,,-1.80E-05,1.20E-01
,,,-1.60E-05,0,,,,,-1.60E-05,1.20E-01
,,,-1.40E-05,0,,,,,-1.40E-05,1.20E-01
,,,-1.20E-05,0,,,,,-1.20E-05,1.20E-01
,,,-1.00E-05,0,,,,,-1.00E-05,1.20E-01
,,,-8.00E-06,0,,,,,-8.00E-06,1.20E-01
,,,-6.00E-06,0,,,,,-6.00E-06,1.20E-01
,,,-4.00E-06,0,,,,,-4.00E-06,1.60E-01
,,,-2.00E-06,0,,,,,-2.00E-06,1.60E-01
,,,-2.77E-10,0,,,,,-2.77E-10,2.91999984
,,,2.00E-06,0,,,,,2.00E-06,2.91999984
,,,4.00E-06,0,,,,,4.00E-06,2.96000004
,,,6.00E-06,0,,,,,6.00E-06,2.96000004
,,,8.00E-06,0,,,,,8.00E-06,2.96000004
,,,1.00E-05,0,,,,,1.00E-05,2.96000004
,,,1.20E-05,0,,,,,1.20E-05,2.96000004
,,,1.40E-05,0,,,,,1.40E-05,2.96000004
,,,1.60E-05,0,,,,,1.60E-05,2.96000004
,,,1.80E-05,0,,,,,1.80E-05,2.91999984
,,,2.00E-05,0,,,,,2.00E-05,3
,,,2.20E-05,0,,,,,2.20E-05,2.96000004
,,,2.40E-05,0,,,,,2.40E-05,2.96000004
,,,2.60E-05,0,,,,,2.60E-05,2.96000004
,,,2.80E-05,0,,,,,2.80E-05,2.96000004
,,,3.00E-05,0,,,,,3.00E-05,2.96000004
,,,3.20E-05,0,,,,,3.20E-05,2.96000004
,,,3.40E-05,0,,,,,3.40E-05,2.96000004
,,,3.60E-05,0,,,,,3.60E-05,2.96000004
,,,3.80E-05,0,,,,,3.80E-05,3
,,,4.00E-05,0,,,,,4.00E-05,2.96000004
,,,4.20E-05,0,,,,,4.20E-05,2.96000004
,,,4.40E-05,0,,,,,4.40E-05,2.96000004
,,,4.60E-05,0,,,,,4.60E-05,2.96000004
,,,4.80E-05,0,,,,,4.80E-05,2.96000004
,,,5.00E-05,0,,,,,5.00E-05,2.96000004
,,,5.20E-05,0,,,,,5.20E-05,2.96000004
,,,5.40E-05,0,,,,,5.40E-05,2.96000004
,,,5.60E-05,0,,,,,5.60E-05,2.96000004
,,,5.80E-05,0,,,,,5.80E-05,2.96000004
,,,6.00E-05,0,,,,,6.00E-05,2.96000004
,,,6.20E-05,0,,,,,6.20E-05,2.96000004
,,,6.40E-05,0,,,,,6.40E-05,3
,,,6.60E-05,0,,,,,6.60E-05,2.96000004
,,,6.80E-05,0,,,,,6.80E-05,2.96000004
,,,7.00E-05,0,,,,,7.00E-05,3
,,,7.20E-05,0,,,,,7.20E-05,2.96000004
,,,7.40E-05,0,,,,,7.40E-05,2.96000004
,,,7.60E-05,0,,,,,7.60E-05,2.96000004
,,,7.80E-05,0,,,,,7.80E-05,3
,,,8.00E-05,0,,,,,8.00E-05,2.96000004
,,,8.20E-05,0,,,,,8.20E-05,2.96000004
,,,8.40E-05,0,,,,,8.40E-05,2.96000004
,,,8.60E-05,0,,,,,8.60E-05,2.96000004
,,,8.80E-05,0,,,,,8.80E-05,2.96000004
,,,9.00E-05,0,,,,,9.00E-05,2.96000004
,,,9.20E-05,0,,,,,9.20E-05,2.96000004
,,,9.40E-05,0,,,,,9.40E-05,2.96000004
,,,9.60E-05,0,,,,,9.60E-05,2.96000004
,,,9.80E-05,0,,,,,9.80E-05,3
,,,1.00E-04,0,,,,,1.00E-04,2.96000004
,,,1.02E-04,0,,,,,1.02E-04,2.96000004
,,,1.04E-04,0,,,,,1.04E-04,3
,,,1.06E-04,0,,,,,1.06E-04,2.96000004
,,,1.08E-04,0,,,,,1.08E-04,2.96000004
,,,1.10E-04,0,,,,,1.10E-04,2.96000004
,,,1.12E-04,0,,,,,1.12E-04,3
,,,1.14E-04,0,,,,,1.14E-04,3
,,,1.16E-04,0,,,,,1.16E-04,2.96000004
,,,1.18E-04,0,,,,,1.18E-04,2.96000004
,,,1.20E-04,0,,,,,1.20E-04,2.96000004
,,,1.22E-04,0,,,,,1.22E-04,2.96000004
,,,1.24E-04,0,,,,,1.24E-04,2.96000004
,,,1.26E-04,0,,,,,1.26E-04,2.96000004
,,,1.28E-04,0,,,,,1.28E-04,2.96000004
,,,1.30E-04,0,,,,,1.30E-04,2.96000004
,,,1.32E-04,0,,,,,1.32E-04,2.96000004
,,,1.34E-04,0,,,,,1.34E-04,2.96000004
,,,1.36E-04,0,,,,,1.36E-04,2.96000004
,,,1.38E-04,0,,,,,1.38E-04,3
,,,1.40E-04,0,,,,,1.40E-04,2.96000004
,,,1.42E-04,0,,,,,1.42E-04,2.96000004
,,,1.44E-04,0,,,,,1.44E-04,3
,,,1.46E-04,0,,,,,1.46E-04,2.96000004
,,,1.48E-04,2.00E-01,,,,,1.48E-04,2.96000004
,,,1.50E-04,0,,,,,1.50E-04,2.96000004
,,,1.52E-04,0,,,,,1.52E-04,3
,,,1.54E-04,0,,,,,1.54E-04,2.96000004
,,,1.56E-04,0,,,,,1.56E-04,3
,,,1.58E-04,0,,,,,1.58E-04,2.96000004
,,,1.60E-04,0,,,,,1.60E-04,2.96000004
,,,1.62E-04,-2.00E-01,,,,,1.62E-04,2.96000004
,,,1.64E-04,0,,,,,1.64E-04,2.96000004
,,,1.66E-04,0,,,,,1.66E-04,2.96000004
,,,1.68E-04,0,,,,,1.68E-04,3
,,,1.70E-04,0,,,,,1.70E-04,2.96000004
,,,1.72E-04,0,,,,,1.72E-04,2.96000004
,,,1.74E-04,0,,,,,1.74E-04,2.96000004
,,,1.76E-04,0,,,,,1.76E-04,2.96000004
,,,1.78E-04,0,,,,,1.78E-04,2.96000004
,,,1.80E-04,0,,,,,1.80E-04,2.96000004
,,,1.82E-04,0,,,,,1.82E-04,2.96000004
,,,1.84E-04,0,,,,,1.84E-04,2.96000004
,,,1.86E-04,0,,,,,1.86E-04,2.96000004
,,,1.88E-04,0,,,,,1.88E-04,2.96000004
,,,1.90E-04,0,,,,,1.90E-04,3
,,,1.92E-04,0,,,,,1.92E-04,2.96000004
,,,1.94E-04,0,,,,,1.94E-04,3
,,,1.96E-04,0,,,,,1.96E-04,3
,,,1.98E-04,0,,,,,1.98E-04,2.96000004
,,,2.00E-04,0,,,,,2.00E-04,2.96000004
,,,2.02E-04,0,,,,,2.02E-04,2.96000004
,,,2.04E-04,0,,,,,2.04E-04,2.96000004
,,,2.06E-04,0,,,,,2.06E-04,3
,,,2.08E-04,0,,,,,2.08E-04,2.96000004
,,,2.10E-04,2.00E-01,,,,,2.10E-04,2.91999984
,,,2.12E-04,0,,,,,2.12E-04,2.96000004
,,,2.14E-04,0,,,,,2.14E-04,2.96000004
,,,2.16E-04,0,,,,,2.16E-04,3
,,,2.18E-04,0,,,,,2.18E-04,2.96000004
,,,2.20E-04,0,,,,,2.20E-04,2.96000004
,,,2.22E-04,0,,,,,2.22E-04,2.96000004
,,,2.24E-04,0,,,,,2.24E-04,2.96000004
,,,2.26E-04,0,,,,,2.26E-04,3
,,,2.28E-04,0,,,,,2.28E-04,2.96000004
,,,2.30E-04,0,,,,,2.30E-04,2.96000004
,,,2.32E-04,0,,,,,2.32E-04,3
,,,2.34E-04,0,,,,,2.34E-04,2.96000004
,,,2.36E-04,0,,,,,2.36E-04,3
,,,2.38E-04,0,,,,,2.38E-04,3
,,,2.40E-04,0,,,,,2.40E-04,3
,,,2.42E-04,0,,,,,2.42E-04,2.96000004
,,,2.44E-04,0,,,,,2.44E-04,2.96000004
,,,2.46E-04,0,,,,,2.46E-04,2.96000004
,,,2.48E-04,0,,,,,2.48E-04,3
,,,2.50E-04,0,,,,,2.50E-04,2.96000004
,,,2.52E-04,0,,,,,2.52E-04,2.96000004
,,,2.54E-04,0,,,,,2.54E-04,2.96000004
,,,2.56E-04,0,,,,,2.56E-04,2.96000004
,,,2.58E-04,0,,,,,2.58E-04,2.96000004
,,,2.60E-04,0,,,,,2.60E-04,2.96000004
,,,2.62E-04,0,,,,,2.62E-04,2.96000004
,,,2.64E-04,0,,,,,2.64E-04,2.96000004
,,,2.66E-04,0,,,,,2.66E-04,2.87999988
,,,2.68E-04,0,,,,,2.68E-04,2.83999991
,,,2.70E-04,0,,,,,2.70E-04,2.83999991
,,,2.72E-04,0,,,,,2.72E-04,2.79999995
,,,2.74E-04,0,,,,,2.74E-04,2.75999999
,,,2.76E-04,0,,,,,2.76E-04,2.72000003
,,,2.78E-04,0,,,,,2.78E-04,2.6799998
,,,2.80E-04,0,,,,,2.80E-04,2.6399999
,,,2.82E-04,0,,,,,2.82E-04,2.6399999
,,,2.84E-04,0,,,,,2.84E-04,2.5999999
,,,2.86E-04,0,,,,,2.86E-04,2.5599999
,,,2.88E-04,0,,,,,2.88E-04,2.52
,,,2.90E-04,0,,,,,2.90E-04,2.48
,,,2.92E-04,0,,,,,2.92E-04,2.4400001
,,,2.94E-04,0,,,,,2.94E-04,2.3999999
,,,2.96E-04,0,,,,,2.96E-04,2.3999999
,,,2.98E-04,0,,,,,2.98E-04,2.3599999
,,,3.00E-04,0,,,,,3.00E-04,2.3199999
,,,3.02E-04,0,,,,,3.02E-04,2.28
,,,3.04E-04,0,,,,,3.04E-04,2.24
,,,3.06E-04,0,,,,,3.06E-04,2.2
,,,3.08E-04,0,,,,,3.08E-04,2.2
,,,3.10E-04,0,,,,,3.10E-04,2.1599998
,,,3.12E-04,0,,,,,3.12E-04,2.1199999
,,,3.14E-04,0,,,,,3.14E-04,2.1199999
,,,3.16E-04,0,,,,,3.16E-04,2.0799999
,,,3.18E-04,2.00E-01,,,,,3.18E-04,2.0799999
,,,3.20E-04,2.00E-01,,,,,3.20E-04,2.0799999
,,,3.22E-04,0,,,,,3.22E-04,2
,,,3.24E-04,2.00E-01,,,,,3.24E-04,1.9599999
,,,3.26E-04,2.00E-01,,,,,3.26E-04,1.9599999
,,,3.28E-04,2.00E-01,,,,,3.28E-04,1.92
,,,3.30E-04,2.00E-01,,,,,3.30E-04,1.88
,,,3.32E-04,2.00E-01,,,,,3.32E-04,1.8399999
,,,3.34E-04,2.00E-01,,,,,3.34E-04,1.8399999
,,,3.36E-04,2.00E-01,,,,,3.36E-04,1.8
,,,3.38E-04,2.00E-01,,,,,3.38E-04,1.8
,,,3.40E-04,2.00E-01,,,,,3.40E-04,1.8
,,,3.42E-04,2.00E-01,,,,,3.42E-04,1.76
,,,3.44E-04,2.00E-01,,,,,3.44E-04,1.76
,,,3.46E-04,2.00E-01,,,,,3.46E-04,1.7199999
,,,3.48E-04,2.00E-01,,,,,3.48E-04,1.6799999
,,,3.50E-04,2.00E-01,,,,,3.50E-04,1.6799999
,,,3.52E-04,2.00E-01,,,,,3.52E-04,1.6799999
,,,3.54E-04,2.00E-01,,,,,3.54E-04,1.64
,,,3.56E-04,2.00E-01,,,,,3.56E-04,1.5999999
,,,3.58E-04,2.00E-01,,,,,3.58E-04,1.5999999
,,,3.60E-04,2.00E-01,,,,,3.60E-04,1.5599999
,,,3.62E-04,2.00E-01,,,,,3.62E-04,1.52
,,,3.64E-04,2.00E-01,,,,,3.64E-04,1.52
,,,3.66E-04,2.00E-01,,,,,3.66E-04,1.48
,,,3.68E-04,2.00E-01,,,,,3.68E-04,1.4399999
,,,3.70E-04,2.00E-01,,,,,3.70E-04,1.4399999
,,,3.72E-04,2.00E-01,,,,,3.72E-04,1.4399999
,,,3.74E-04,2.00E-01,,,,,3.74E-04,1.4
,,,3.76E-04,2.00E-01,,,,,3.76E-04,1.4
,,,3.78E-04,2.00E-01,,,,,3.78E-04,1.4
,,,3.80E-04,4.00E-01,,,,,3.80E-04,1.4
,,,3.82E-04,4.00E-01,,,,,3.82E-04,1.36
,,,3.84E-04,4.00E-01,,,,,3.84E-04,1.3199999
,,,3.86E-04,4.00E-01,,,,,3.86E-04,1.28
,,,3.88E-04,4.00E-01,,,,,3.88E-04,1.28
,,,3.90E-04,4.00E-01,,,,,3.90E-04,1.24
,,,3.92E-04,4.00E-01,,,,,3.92E-04,1.24
,,,3.94E-04,4.00E-01,,,,,3.94E-04,1.24
,,,3.96E-04,4.00E-01,,,,,3.96E-04,1.24
,,,3.98E-04,4.00E-01,,,,,3.98E-04,1.16
,,,4.00E-04,4.00E-01,,,,,4.00E-04,1.16
,,,4.02E-04,4.00E-01,,,,,4.02E-04,1.16
,,,4.04E-04,6.00E-01,,,,,4.04E-04,1.16
,,,4.06E-04,6.00E-01,,,,,4.06E-04,1.12
,,,4.08E-04,6.00E-01,,,,,4.08E-04,1.12
,,,4.10E-04,6.00E-01,,,,,4.10E-04,1.12
,,,4.12E-04,6.00E-01,,,,,4.12E-04,1.0799999
,,,4.14E-04,6.00E-01,,,,,4.14E-04,1.0799999
,,,4.16E-04,6.00E-01,,,,,4.16E-04,1.0799999
,,,4.18E-04,6.00E-01,,,,,4.18E-04,1.0799999
,,,4.20E-04,6.00E-01,,,,,4.20E-04,1.04
,,,4.22E-04,6.00E-01,,,,,4.22E-04,1
,,,4.24E-04,8.00E-01,,,,,4.24E-04,9.60E-01
,,,4.26E-04,6.00E-01,,,,,4.26E-04,1
,,,4.28E-04,8.00E-01,,,,,4.28E-04,9.60E-01
,,,4.30E-04,8.00E-01,,,,,4.30E-04,1
,,,4.32E-04,8.00E-01,,,,,4.32E-04,9.60E-01
,,,4.34E-04,8.00E-01,,,,,4.34E-04,9.60E-01
,,,4.36E-04,8.00E-01,,,,,4.36E-04,9.60E-01
,,,4.38E-04,1,,,,,4.38E-04,9.60E-01
,,,4.40E-04,1,,,,,4.40E-04,8.80E-01
,,,4.42E-04,8.00E-01,,,,,4.42E-04,8.80E-01
,,,4.44E-04,1,,,,,4.44E-04,8.80E-01
,,,4.46E-04,1,,,,,4.46E-04,8.80E-01
,,,4.48E-04,1,,,,,4.48E-04,8.80E-01
,,,4.50E-04,1,,,,,4.50E-04,8.40E-01
,,,4.52E-04,1,,,,,4.52E-04,8.40E-01
,,,4.54E-04,1,,,,,4.54E-04,8.40E-01
,,,4.56E-04,1.2,,,,,4.56E-04,8.00E-01
,,,4.58E-04,1.2,,,,,4.58E-04,7.60E-01
,,,4.60E-04,1.2,,,,,4.60E-04,7.60E-01
,,,4.62E-04,1.2,,,,,4.62E-04,7.60E-01
,,,4.64E-04,1.2,,,,,4.64E-04,7.60E-01
,,,4.66E-04,1.2,,,,,4.66E-04,7.60E-01
,,,4.68E-04,1.4,,,,,4.68E-04,8.00E-01
,,,4.70E-04,1.4,,,,,4.70E-04,7.60E-01
,,,4.72E-04,1.2,,,,,4.72E-04,7.60E-01
,,,4.74E-04,1.4,,,,,4.74E-04,7.60E-01
,,,4.76E-04,1.4,,,,,4.76E-04,7.20E-01
,,,4.78E-04,1.4,,,,,4.78E-04,7.20E-01
,,,4.80E-04,1.4,,,,,4.80E-04,6.80E-01
,,,4.82E-04,1.4,,,,,4.82E-04,6.80E-01
,,,4.84E-04,1.4,,,,,4.84E-04,6.80E-01
,,,4.86E-04,1.4,,,,,4.86E-04,6.80E-01
,,,4.88E-04,1.6,,,,,4.88E-04,6.80E-01
,,,4.90E-04,1.6,,,,,4.90E-04,6.40E-01
,,,4.92E-04,1.6,,,,,4.92E-04,6.40E-01
,,,4.94E-04,1.6,,,,,4.94E-04,6.00E-01
,,,4.96E-04,1.6,,,,,4.96E-04,6.40E-01
,,,4.98E-04,1.6,,,,,4.98E-04,6.40E-01
,,,5.00E-04,1.6,,,,,5.00E-04,6.00E-01
,,,5.02E-04,1.6,,,,,5.02E-04,6.00E-01
,,,5.04E-04,1.6,,,,,5.04E-04,6.00E-01
,,,5.06E-04,1.8000001,,,,,5.06E-04,6.40E-01
,,,5.08E-04,1.8000001,,,,,5.08E-04,6.00E-01
,,,5.10E-04,1.8000001,,,,,5.10E-04,5.60E-01
,,,5.12E-04,1.6,,,,,5.12E-04,5.20E-01
,,,5.14E-04,1.8000001,,,,,5.14E-04,5.20E-01
,,,5.16E-04,1.8000001,,,,,5.16E-04,5.20E-01
,,,5.18E-04,1.8000001,,,,,5.18E-04,5.20E-01
,,,5.20E-04,1.8000001,,,,,5.20E-04,5.20E-01
,,,5.22E-04,1.8000001,,,,,5.22E-04,5.20E-01
,,,5.24E-04,1.8000001,,,,,5.24E-04,5.20E-01
,,,5.26E-04,1.8000001,,,,,5.26E-04,5.20E-01
,,,5.28E-04,1.8000001,,,,,5.28E-04,5.20E-01
,,,5.30E-04,1.8000001,,,,,5.30E-04,4.80E-01
,,,5.32E-04,1.8000001,,,,,5.32E-04,4.80E-01
,,,5.34E-04,1.8000001,,,,,5.34E-04,5.20E-01
,,,5.36E-04,1.8000001,,,,,5.36E-04,4.40E-01
,,,5.38E-04,1.8000001,,,,,5.38E-04,4.40E-01
,,,5.40E-04,1.8000001,,,,,5.40E-04,4.80E-01
,,,5.42E-04,1.8000001,,,,,5.42E-04,4.40E-01
,,,5.44E-04,1.8000001,,,,,5.44E-04,4.40E-01
,,,5.46E-04,1.8000001,,,,,5.46E-04,4.40E-01
,,,5.48E-04,1.8000001,,,,,5.48E-04,4.00E-01
,,,5.50E-04,1.8000001,,,,,5.50E-04,4.00E-01
,,,5.52E-04,1.8000001,,,,,5.52E-04,3.60E-01
,,,5.54E-04,1.8000001,,,,,5.54E-04,4.00E-01
,,,5.56E-04,1.8000001,,,,,5.56E-04,3.60E-01
,,,5.58E-04,1.8000001,,,,,5.58E-04,4.00E-01
,,,5.60E-04,1.8000001,,,,,5.60E-04,4.00E-01
,,,5.62E-04,1.8000001,,,,,5.62E-04,4.00E-01
,,,5.64E-04,1.8000001,,,,,5.64E-04,4.40E-01
,,,5.66E-04,1.6,,,,,5.66E-04,4.00E-01
,,,5.68E-04,1.6,,,,,5.68E-04,3.60E-01
,,,5.70E-04,1.8000001,,,,,5.70E-04,3.60E-01
,,,5.72E-04,1.6,,,,,5.72E-04,3.20E-01
,,,5.74E-04,1.8000001,,,,,5.74E-04,3.20E-01
,,,5.76E-04,1.6,,,,,5.76E-04,3.60E-01
,,,5.78E-04,1.6,,,,,5.78E-04,3.20E-01
,,,5.80E-04,1.6,,,,,5.80E-04,3.20E-01
,,,5.82E-04,1.6,,,,,5.82E-04,3.20E-01
,,,5.84E-04,1.6,,,,,5.84E-04,3.20E-01
,,,5.86E-04,1.6,,,,,5.86E-04,3.20E-01
,,,5.88E-04,1.6,,,,,5.88E-04,3.20E-01
,,,5.90E-04,1.6,,,,,5.90E-04,2.80E-01
,,,5.92E-04,1.4,,,,,5.92E-04,3.20E-01
,,,5.94E-04,1.6,,,,,5.94E-04,3.20E-01
,,,5.96E-04,1.4,,,,,5.96E-04,3.20E-01
,,,5.98E-04,1.4,,,,,5.98E-04,3.20E-01
,,,6.00E-04,1.4,,,,,6.00E-04,3.20E-01
,,,6.02E-04,1.4,,,,,6.02E-04,2.80E-01
,,,6.04E-04,1.4,,,,,6.04E-04,2.80E-01
,,,6.06E-04,1.4,,,,,6.06E-04,2.80E-01
,,,6.08E-04,1.4,,,,,6.08E-04,2.40E-01
,,,6.10E-04,1.4,,,,,6.10E-04,2.00E-01
,,,6.12E-04,1.4,,,,,6.12E-04,2.40E-01
,,,6.14E-04,1.4,,,,,6.14E-04,2.40E-01
,,,6.16E-04,1.4,,,,,6.16E-04,2.40E-01
,,,6.18E-04,1.4,,,,,6.18E-04,2.80E-01
,,,6.20E-04,1.4,,,,,6.20E-04,2.40E-01
,,,6.22E-04,1.4,,,,,6.22E-04,2.80E-01
,,,6.24E-04,1.4,,,,,6.24E-04,2.40E-01
,,,6.26E-04,1.4,,,,,6.26E-04,2.00E-01
,,,6.28E-04,1.4,,,,,6.28E-04,2.40E-01
,,,6.30E-04,1.4,,,,,6.30E-04,2.40E-01
,,,6.32E-04,1.4,,,,,6.32E-04,2.00E-01
,,,6.34E-04,1.4,,,,,6.34E-04,2.00E-01
,,,6.36E-04,1.4,,,,,6.36E-04,2.40E-01
,,,6.38E-04,1.4,,,,,6.38E-04,2.00E-01
,,,6.40E-04,1.4,,,,,6.40E-04,2.00E-01
,,,6.42E-04,1.4,,,,,6.42E-04,1.60E-01
,,,6.44E-04,1.4,,,,,6.44E-04,1.60E-01
,,,6.46E-04,1.4,,,,,6.46E-04,1.60E-01
,,,6.48E-04,1.4,,,,,6.48E-04,1.60E-01
,,,6.50E-04,1.4,,,,,6.50E-04,2.00E-01
,,,6.52E-04,1.4,,,,,6.52E-04,1.60E-01
,,,6.54E-04,1.2,,,,,6.54E-04,2.00E-01
,,,6.56E-04,1.4,,,,,6.56E-04,2.00E-01
,,,6.58E-04,1.2,,,,,6.58E-04,2.00E-01
,,,6.60E-04,1.2,,,,,6.60E-04,1.60E-01
,,,6.62E-04,1.4,,,,,6.62E-04,1.60E-01
,,,6.64E-04,1.2,,,,,6.64E-04,1.60E-01
,,,6.66E-04,1.2,,,,,6.66E-04,1.60E-01
,,,6.68E-04,1.2,,,,,6.68E-04,1.60E-01
,,,6.70E-04,1.2,,,,,6.70E-04,1.20E-01
,,,6.72E-04,1.2,,,,,6.72E-04,1.20E-01
,,,6.74E-04,1.2,,,,,6.74E-04,1.60E-01
,,,6.76E-04,1.2,,,,,6.76E-04,1.20E-01
,,,6.78E-04,1.2,,,,,6.78E-04,1.20E-01
,,,6.80E-04,1.2,,,,,6.80E-04,1.20E-01
,,,6.82E-04,1.2,,,,,6.82E-04,1.20E-01
,,,6.84E-04,1.2,,,,,6.84E-04,1.20E-01
,,,6.86E-04,1.2,,,,,6.86E-04,1.20E-01
,,,6.88E-04,1,,,,,6.88E-04,1.60E-01
,,,6.90E-04,1,,,,,6.90E-04,1.60E-01
,,,6.92E-04,1.2,,,,,6.92E-04,1.60E-01
,,,6.94E-04,1.2,,,,,6.94E-04,1.60E-01
,,,6.96E-04,1,,,,,6.96E-04,1.60E-01
,,,6.98E-04,1,,,,,6.98E-04,1.20E-01
,,,7.00E-04,1.2,,,,,7.00E-04,8.00E-02
,,,7.02E-04,1,,,,,7.02E-04,8.00E-02
,,,7.04E-04,1,,,,,7.04E-04,8.00E-02
,,,7.06E-04,1,,,,,7.06E-04,8.00E-02
,,,7.08E-04,1,,,,,7.08E-04,8.00E-02
,,,7.10E-04,1,,,,,7.10E-04,1.20E-01
,,,7.12E-04,1,,,,,7.12E-04,1.20E-01
,,,7.14E-04,1,,,,,7.14E-04,1.20E-01
,,,7.16E-04,1,,,,,7.16E-04,1.20E-01
,,,7.18E-04,1,,,,,7.18E-04,1.20E-01
,,,7.20E-04,1,,,,,7.20E-04,8.00E-02
,,,7.22E-04,1,,,,,7.22E-04,1.20E-01
,,,7.24E-04,1.2,,,,,7.24E-04,8.00E-02
,,,7.26E-04,1,,,,,7.26E-04,1.20E-01
,,,7.28E-04,1,,,,,7.28E-04,1.20E-01
,,,7.30E-04,1,,,,,7.30E-04,8.00E-02
,,,7.32E-04,1,,,,,7.32E-04,8.00E-02
,,,7.34E-04,1.2,,,,,7.34E-04,8.00E-02
,,,7.36E-04,1,,,,,7.36E-04,4.00E-02
,,,7.38E-04,1,,,,,7.38E-04,4.00E-02
,,,7.40E-04,1,,,,,7.40E-04,8.00E-02
,,,7.42E-04,1,,,,,7.42E-04,8.00E-02
,,,7.44E-04,1,,,,,7.44E-04,8.00E-02
,,,7.46E-04,1,,,,,7.46E-04,1.20E-01
,,,7.48E-04,1,,,,,7.48E-04,1.20E-01
,,,7.50E-04,1,,,,,7.50E-04,8.00E-02
,,,7.52E-04,1,,,,,7.52E-04,1.20E-01
,,,7.54E-04,1,,,,,7.54E-04,8.00E-02
,,,7.56E-04,1,,,,,7.56E-04,8.00E-02
,,,7.58E-04,1,,,,,7.58E-04,8.00E-02
,,,7.60E-04,1,,,,,7.60E-04,8.00E-02
,,,7.62E-04,1,,,,,7.62E-04,4.00E-02
,,,7.64E-04,1,,,,,7.64E-04,4.00E-02
,,,7.66E-04,1,,,,,7.66E-04,4.00E-02
,,,7.68E-04,1,,,,,7.68E-04,4.00E-02
,,,7.70E-04,1,,,,,7.70E-04,4.00E-02
,,,7.72E-04,1,,,,,7.72E-04,4.00E-02
,,,7.74E-04,1,,,,,7.74E-04,4.00E-02
,,,7.76E-04,1,,,,,7.76E-04,4.00E-02
,,,7.78E-04,1,,,,,7.78E-04,4.00E-02
,,,7.80E-04,1.2,,,,,7.80E-04,8.00E-02
,,,7.82E-04,1.2,,,,,7.82E-04,8.00E-02
,,,7.84E-04,1,,,,,7.84E-04,8.00E-02
,,,7.86E-04,1,,,,,7.86E-04,8.00E-02
,,,7.88E-04,1,,,,,7.88E-04,8.00E-02
,,,7.90E-04,1,,,,,7.90E-04,4.00E-02
,,,7.92E-04,1,,,,,7.92E-04,0
,,,7.94E-04,1,,,,,7.94E-04,0
,,,7.96E-04,1,,,,,7.96E-04,4.00E-02
,,,7.98E-04,1.2,,,,,7.98E-04,0
,,,8.00E-04,1.2,,,,,8.00E-04,4.00E-02
,,,8.02E-04,1.2,,,,,8.02E-04,4.00E-02
,,,8.04E-04,1,,,,,8.04E-04,4.00E-02
,,,8.06E-04,1.2,,,,,8.06E-04,4.00E-02
,,,8.08E-04,1.2,,,,,8.08E-04,4.00E-02
,,,8.10E-04,1.2,,,,,8.10E-04,4.00E-02
,,,8.12E-04,1.2,,,,,8.12E-04,4.00E-02
,,,8.14E-04,1,,,,,8.14E-04,4.00E-02
,,,8.16E-04,1.2,,,,,8.16E-04,4.00E-02
,,,8.18E-04,1,,,,,8.18E-04,4.00E-02
,,,8.20E-04,1.2,,,,,8.20E-04,4.00E-02
,,,8.22E-04,1.2,,,,,8.22E-04,4.00E-02
,,,8.24E-04,1.2,,,,,8.24E-04,4.00E-02
,,,8.26E-04,1.2,,,,,8.26E-04,0
,,,8.28E-04,1.2,,,,,8.28E-04,0
,,,8.30E-04,1.2,,,,,8.30E-04,0
,,,8.32E-04,1.2,,,,,8.32E-04,0
,,,8.34E-04,1.2,,,,,8.34E-04,4.00E-02
,,,8.36E-04,1.2,,,,,8.36E-04,0
,,,8.38E-04,1.4,,,,,8.38E-04,4.00E-02
,,,8.40E-04,1.2,,,,,8.40E-04,4.00E-02
,,,8.42E-04,1.4,,,,,8.42E-04,4.00E-02
,,,8.44E-04,1.2,,,,,8.44E-04,4.00E-02
,,,8.46E-04,1.2,,,,,8.46E-04,8.00E-02
,,,8.48E-04,1.2,,,,,8.48E-04,4.00E-02
,,,8.50E-04,1.2,,,,,8.50E-04,0
,,,8.52E-04,1.4,,,,,8.52E-04,0
,,,8.54E-04,1.2,,,,,8.54E-04,0
,,,8.56E-04,1.2,,,,,8.56E-04,0
,,,8.58E-04,1.4,,,,,8.58E-04,0
,,,8.60E-04,1.4,,,,,8.60E-04,0
,,,8.62E-04,1.4,,,,,8.62E-04,0
,,,8.64E-04,1.4,,,,,8.64E-04,0
,,,8.66E-04,1.4,,,,,8.66E-04,0
,,,8.68E-04,1.4,,,,,8.68E-04,0
,,,8.70E-04,1.4,,,,,8.70E-04,0
,,,8.72E-04,1.4,,,,,8.72E-04,0
,,,8.74E-04,1.4,,,,,8.74E-04,4.00E-02
,,,8.76E-04,1.4,,,,,8.76E-04,4.00E-02
,,,8.78E-04,1.6,,,,,8.78E-04,4.00E-02
,,,8.80E-04,1.4,,,,,8.80E-04,4.00E-02
,,,8.82E-04,1.4,,,,,8.82E-04,0
,,,8.84E-04,1.4,,,,,8.84E-04,0
,,,8.86E-04,1.6,,,,,8.86E-04,0
,,,8.88E-04,1.4,,,,,8.88E-04,0
,,,8.90E-04,1.6,,,,,8.90E-04,0
,,,8.92E-04,1.6,,,,,8.92E-04,0
,,,8.94E-04,1.6,,,,,8.94E-04,0
,,,8.96E-04,1.6,,,,,8.96E-04,0
,,,8.98E-04,1.6,,,,,8.98E-04,4.00E-02
,,,9.00E-04,1.6,,,,,9.00E-04,0
,,,9.02E-04,1.6,,,,,9.02E-04,-4.00E-02
,,,9.04E-04,1.6,,,,,9.04E-04,0
,,,9.06E-04,1.6,,,,,9.06E-04,0
,,,9.08E-04,1.6,,,,,9.08E-04,0
,,,9.10E-04,1.8000001,,,,,9.10E-04,0
,,,9.12E-04,1.8000001,,,,,9.12E-04,0
,,,9.14E-04,1.8000001,,,,,9.14E-04,4.00E-02
,,,9.16E-04,1.8000001,,,,,9.16E-04,0
,,,9.18E-04,1.8000001,,,,,9.18E-04,4.00E-02
,,,9.20E-04,1.8000001,,,,,9.20E-04,0
,,,9.22E-04,1.8000001,,,,,9.22E-04,0
,,,9.24E-04,1.8000001,,,,,9.24E-04,0
,,,9.26E-04,1.8000001,,,,,9.26E-04,0
,,,9.28E-04,2,,,,,9.28E-04,0
,,,9.30E-04,2,,,,,9.30E-04,0
,,,9.32E-04,2,,,,,9.32E-04,4.00E-02
,,,9.34E-04,2,,,,,9.34E-04,4.00E-02
,,,9.36E-04,2,,,,,9.36E-04,4.00E-02
,,,9.38E-04,2,,,,,9.38E-04,0
,,,9.40E-04,2,,,,,9.40E-04,4.00E-02
,,,9.42E-04,2,,,,,9.42E-04,4.00E-02
,,,9.44E-04,2.2,,,,,9.44E-04,0
,,,9.46E-04,2.2,,,,,9.46E-04,0
,,,9.48E-04,2.2,,,,,9.48E-04,0
,,,9.50E-04,2.2,,,,,9.50E-04,0
,,,9.52E-04,2.4000001,,,,,9.52E-04,4.00E-02
,,,9.54E-04,2.2,,,,,9.54E-04,0
,,,9.56E-04,2.4000001,,,,,9.56E-04,0
,,,9.58E-04,2.4000001,,,,,9.58E-04,0
,,,9.60E-04,2.4000001,,,,,9.60E-04,0
,,,9.62E-04,2.4000001,,,,,9.62E-04,0
,,,9.64E-04,2.4000001,,,,,9.64E-04,4.00E-02
,,,9.66E-04,2.6000001,,,,,9.66E-04,0
,,,9.68E-04,2.6000001,,,,,9.68E-04,4.00E-02
,,,9.70E-04,2.6000001,,,,,9.70E-04,4.00E-02
,,,9.72E-04,2.6000001,,,,,9.72E-04,4.00E-02
,,,9.74E-04,2.6000001,,,,,9.74E-04,4.00E-02
,,,9.76E-04,2.6000001,,,,,9.76E-04,4.00E-02
,,,9.78E-04,2.79999995,,,,,9.78E-04,4.00E-02
,,,9.80E-04,2.79999995,,,,,9.80E-04,0
,,,9.82E-04,2.79999995,,,,,9.82E-04,0
,,,9.84E-04,3,,,,,9.84E-04,0
,,,9.86E-04,2.79999995,,,,,9.86E-04,0
,,,9.88E-04,3,,,,,9.88E-04,4.00E-02
,,,9.90E-04,3,,,,,9.90E-04,0
,,,9.92E-04,3,,,,,9.92E-04,4.00E-02
,,,9.94E-04,3,,,,,9.94E-04,4.00E-02
,,,9.96E-04,3.20000005,,,,,9.96E-04,4.00E-02
,,,9.98E-04,3,,,,,9.98E-04,4.00E-02
,,,1.00E-03,3,,,,,1.00E-03,4.00E-02
,,,1.00E-03,3.20000005,,,,,1.00E-03,4.00E-02
,,,1.00E-03,3.20000005,,,,,1.00E-03,4.00E-02
,,,1.01E-03,3.20000005,,,,,1.01E-03,4.00E-02
,,,1.01E-03,3.20000005,,,,,1.01E-03,4.00E-02
,,,1.01E-03,3.20000005,,,,,1.01E-03,4.00E-02
,,,1.01E-03,3.20000005,,,,,1.01E-03,4.00E-02
,,,1.01E-03,3.20000005,,,,,1.01E-03,0
,,,1.02E-03,3.20000005,,,,,1.02E-03,0
,,,1.02E-03,3.20000005,,,,,1.02E-03,0
,,,1.02E-03,3.20000005,,,,,1.02E-03,0
,,,1.02E-03,3.20000005,,,,,1.02E-03,4.00E-02
,,,1.02E-03,3.20000005,,,,,1.02E-03,4.00E-02
,,,1.03E-03,3.20000005,,,,,1.03E-03,4.00E-02
,,,1.03E-03,3.20000005,,,,,1.03E-03,4.00E-02
,,,1.03E-03,3.20000005,,,,,1.03E-03,4.00E-02
,,,1.03E-03,3.20000005,,,,,1.03E-03,4.00E-02
,,,1.03E-03,3.20000005,,,,,1.03E-03,4.00E-02
,,,1.04E-03,3.20000005,,,,,1.04E-03,0
,,,1.04E-03,3.20000005,,,,,1.04E-03,0
,,,1.04E-03,3.20000005,,,,,1.04E-03,0
,,,1.04E-03,3.20000005,,,,,1.04E-03,0
,,,1.04E-03,3.20000005,,,,,1.04E-03,0
,,,1.05E-03,3.20000005,,,,,1.05E-03,0
,,,1.05E-03,3.20000005,,,,,1.05E-03,0
,,,1.05E-03,3.20000005,,,,,1.05E-03,0
,,,1.05E-03,3.20000005,,,,,1.05E-03,0
,,,1.05E-03,3,,,,,1.05E-03,0
,,,1.06E-03,3.20000005,,,,,1.06E-03,0
,,,1.06E-03,3.20000005,,,,,1.06E-03,0
,,,1.06E-03,3,,,,,1.06E-03,0
,,,1.06E-03,3,,,,,1.06E-03,0
,,,1.06E-03,3,,,,,1.06E-03,4.00E-02
,,,1.07E-03,3,,,,,1.07E-03,0
,,,1.07E-03,3,,,,,1.07E-03,0
,,,1.07E-03,3,,,,,1.07E-03,0
,,,1.07E-03,3,,,,,1.07E-03,0
,,,1.07E-03,3,,,,,1.07E-03,-4.00E-02
,,,1.08E-03,3,,,,,1.08E-03,-4.00E-02
,,,1.08E-03,2.79999995,,,,,1.08E-03,-4.00E-02
,,,1.08E-03,2.79999995,,,,,1.08E-03,-4.00E-02
,,,1.08E-03,2.79999995,,,,,1.08E-03,0
,,,1.08E-03,2.79999995,,,,,1.08E-03,0
,,,1.09E-03,2.79999995,,,,,1.09E-03,0
,,,1.09E-03,2.79999995,,,,,1.09E-03,0
,,,1.09E-03,2.79999995,,,,,1.09E-03,0
,,,1.09E-03,2.6000001,,,,,1.09E-03,0
,,,1.09E-03,2.6000001,,,,,1.09E-03,0
,,,1.10E-03,2.6000001,,,,,1.10E-03,0
,,,1.10E-03,2.6000001,,,,,1.10E-03,0
,,,1.10E-03,2.6000001,,,,,1.10E-03,0
,,,1.10E-03,2.6000001,,,,,1.10E-03,0
,,,1.10E-03,2.6000001,,,,,1.10E-03,-4.00E-02
,,,1.11E-03,2.6000001,,,,,1.11E-03,-4.00E-02
,,,1.11E-03,2.6000001,,,,,1.11E-03,-4.00E-02
,,,1.11E-03,2.6000001,,,,,1.11E-03,-4.00E-02
,,,1.11E-03,2.6000001,,,,,1.11E-03,-4.00E-02
,,,1.11E-03,2.6000001,,,,,1.11E-03,-4.00E-02
,,,1.12E-03,2.6000001,,,,,1.12E-03,-4.00E-02
,,,1.12E-03,2.6000001,,,,,1.12E-03,-4.00E-02
,,,1.12E-03,2.6000001,,,,,1.12E-03,0
,,,1.12E-03,2.6000001,,,,,1.12E-03,0
,,,1.12E-03,2.4000001,,,,,1.12E-03,0
,,,1.13E-03,2.4000001,,,,,1.13E-03,0
,,,1.13E-03,2.4000001,,,,,1.13E-03,0
,,,1.13E-03,2.4000001,,,,,1.13E-03,-4.00E-02
,,,1.13E-03,2.4000001,,,,,1.13E-03,-4.00E-02
,,,1.13E-03,2.4000001,,,,,1.13E-03,-4.00E-02
,,,1.14E-03,2.4000001,,,,,1.14E-03,-4.00E-02
,,,1.14E-03,2.4000001,,,,,1.14E-03,0
,,,1.14E-03,2.4000001,,,,,1.14E-03,-4.00E-02
,,,1.14E-03,2.4000001,,,,,1.14E-03,-4.00E-02
,,,1.14E-03,2.4000001,,,,,1.14E-03,-4.00E-02
,,,1.15E-03,2.4000001,,,,,1.15E-03,-4.00E-02
,,,1.15E-03,2.4000001,,,,,1.15E-03,-4.00E-02
,,,1.15E-03,2.4000001,,,,,1.15E-03,-4.00E-02
,,,1.15E-03,2.4000001,,,,,1.15E-03,0
,,,1.15E-03,2.4000001,,,,,1.15E-03,-4.00E-02
,,,1.16E-03,2.2,,,,,1.16E-03,0
,,,1.16E-03,2.4000001,,,,,1.16E-03,0
,,,1.16E-03,2.4000001,,,,,1.16E-03,0
,,,1.16E-03,2.2,,,,,1.16E-03,0
,,,1.16E-03,2.4000001,,,,,1.16E-03,-4.00E-02
,,,1.17E-03,2.2,,,,,1.17E-03,-4.00E-02
,,,1.17E-03,2.2,,,,,1.17E-03,-4.00E-02
,,,1.17E-03,2.2,,,,,1.17E-03,-4.00E-02
,,,1.17E-03,2.2,,,,,1.17E-03,-4.00E-02
,,,1.17E-03,2.2,,,,,1.17E-03,0
,,,1.18E-03,2.2,,,,,1.18E-03,-4.00E-02
,,,1.18E-03,2.2,,,,,1.18E-03,0
,,,1.18E-03,2.2,,,,,1.18E-03,-4.00E-02
,,,1.18E-03,2.2,,,,,1.18E-03,-4.00E-02
,,,1.18E-03,2.2,,,,,1.18E-03,-4.00E-02
,,,1.19E-03,2.2,,,,,1.19E-03,0
,,,1.19E-03,2.2,,,,,1.19E-03,-4.00E-02
,,,1.19E-03,2,,,,,1.19E-03,0
,,,1.19E-03,2,,,,,1.19E-03,-4.00E-02
,,,1.19E-03,2.2,,,,,1.19E-03,-4.00E-02
,,,1.20E-03,2,,,,,1.20E-03,-4.00E-02
,,,1.20E-03,2,,,,,1.20E-03,-4.00E-02
,,,1.20E-03,2,,,,,1.20E-03,-4.00E-02
,,,1.20E-03,2,,,,,1.20E-03,-4.00E-02
,,,1.20E-03,2,,,,,1.20E-03,-8.00E-02
,,,1.21E-03,2,,,,,1.21E-03,-4.00E-02
,,,1.21E-03,2,,,,,1.21E-03,-4.00E-02
,,,1.21E-03,2,,,,,1.21E-03,-4.00E-02
,,,1.21E-03,2,,,,,1.21E-03,-4.00E-02
,,,1.21E-03,2,,,,,1.21E-03,0
,,,1.22E-03,2,,,,,1.22E-03,-4.00E-02
,,,1.22E-03,2,,,,,1.22E-03,0
,,,1.22E-03,2,,,,,1.22E-03,-4.00E-02
,,,1.22E-03,2,,,,,1.22E-03,-4.00E-02
,,,1.22E-03,2,,,,,1.22E-03,-4.00E-02
,,,1.23E-03,2,,,,,1.23E-03,-4.00E-02
,,,1.23E-03,2,,,,,1.23E-03,-4.00E-02
,,,1.23E-03,2,,,,,1.23E-03,-4.00E-02
,,,1.23E-03,1.8000001,,,,,1.23E-03,-4.00E-02
,,,1.23E-03,2,,,,,1.23E-03,-4.00E-02
,,,1.24E-03,1.8000001,,,,,1.24E-03,-4.00E-02
,,,1.24E-03,1.8000001,,,,,1.24E-03,-8.00E-02
,,,1.24E-03,1.8000001,,,,,1.24E-03,-8.00E-02
,,,1.24E-03,2,,,,,1.24E-03,-8.00E-02
,,,1.24E-03,2,,,,,1.24E-03,-4.00E-02
,,,1.25E-03,2,,,,,1.25E-03,0
,,,1.25E-03,2,,,,,1.25E-03,-4.00E-02
,,,1.25E-03,1.8000001,,,,,1.25E-03,-4.00E-02
,,,1.25E-03,1.8000001,,,,,1.25E-03,0
,,,1.25E-03,1.8000001,,,,,1.25E-03,-4.00E-02
,,,1.26E-03,1.8000001,,,,,1.26E-03,-4.00E-02
,,,1.26E-03,1.8000001,,,,,1.26E-03,-4.00E-02
,,,1.26E-03,1.8000001,,,,,1.26E-03,-8.00E-02
,,,1.26E-03,1.8000001,,,,,1.26E-03,-4.00E-02
,,,1.26E-03,1.8000001,,,,,1.26E-03,-4.00E-02
,,,1.27E-03,1.8000001,,,,,1.27E-03,-4.00E-02
,,,1.27E-03,1.8000001,,,,,1.27E-03,-4.00E-02
,,,1.27E-03,1.8000001,,,,,1.27E-03,-4.00E-02
,,,1.27E-03,1.8000001,,,,,1.27E-03,-4.00E-02
,,,1.27E-03,1.8000001,,,,,1.27E-03,-4.00E-02
,,,1.28E-03,1.8000001,,,,,1.28E-03,-4.00E-02
,,,1.28E-03,1.8000001,,,,,1.28E-03,-4.00E-02
,,,1.28E-03,1.8000001,,,,,1.28E-03,-4.00E-02
,,,1.28E-03,1.8000001,,,,,1.28E-03,-4.00E-02
,,,1.28E-03,1.8000001,,,,,1.28E-03,-4.00E-02
,,,1.29E-03,1.8000001,,,,,1.29E-03,0
,,,1.29E-03,2,,,,,1.29E-03,-4.00E-02
,,,1.29E-03,1.8000001,,,,,1.29E-03,-4.00E-02
,,,1.29E-03,1.8000001,,,,,1.29E-03,-4.00E-02
,,,1.29E-03,2,,,,,1.29E-03,-4.00E-02
,,,1.30E-03,2,,,,,1.30E-03,-4.00E-02
,,,1.30E-03,1.8000001,,,,,1.30E-03,-4.00E-02
,,,1.30E-03,2,,,,,1.30E-03,-4.00E-02
,,,1.30E-03,2,,,,,1.30E-03,-4.00E-02
,,,1.30E-03,2,,,,,1.30E-03,-4.00E-02
,,,1.31E-03,2,,,,,1.31E-03,0
,,,1.31E-03,2,,,,,1.31E-03,0
,,,1.31E-03,2,,,,,1.31E-03,-4.00E-02
,,,1.31E-03,2,,,,,1.31E-03,0
,,,1.31E-03,2,,,,,1.31E-03,-4.00E-02
,,,1.32E-03,2,,,,,1.32E-03,-4.00E-02
,,,1.32E-03,2,,,,,1.32E-03,-4.00E-02
,,,1.32E-03,2,,,,,1.32E-03,-4.00E-02
,,,1.32E-03,2,,,,,1.32E-03,0
,,,1.32E-03,2,,,,,1.32E-03,-4.00E-02
,,,1.33E-03,2,,,,,1.33E-03,-4.00E-02
,,,1.33E-03,2,,,,,1.33E-03,-4.00E-02
,,,1.33E-03,2.2,,,,,1.33E-03,-4.00E-02
,,,1.33E-03,2.2,,,,,1.33E-03,-4.00E-02
,,,1.33E-03,2.2,,,,,1.33E-03,-4.00E-02
,,,1.34E-03,2.2,,,,,1.34E-03,-4.00E-02
,,,1.34E-03,2.2,,,,,1.34E-03,0
,,,1.34E-03,2.2,,,,,1.34E-03,0
,,,1.34E-03,2.2,,,,,1.34E-03,-4.00E-02
,,,1.34E-03,2.2,,,,,1.34E-03,0
,,,1.35E-03,2.2,,,,,1.35E-03,0
,,,1.35E-03,2.4000001,,,,,1.35E-03,0
,,,1.35E-03,2.2,,,,,1.35E-03,-4.00E-02
,,,1.35E-03,2.4000001,,,,,1.35E-03,-4.00E-02
,,,1.35E-03,2.4000001,,,,,1.35E-03,-4.00E-02
,,,1.36E-03,2.4000001,,,,,1.36E-03,-4.00E-02
,,,1.36E-03,2.4000001,,,,,1.36E-03,-4.00E-02
,,,1.36E-03,2.4000001,,,,,1.36E-03,0
,,,1.36E-03,2.4000001,,,,,1.36E-03,0
,,,1.36E-03,2.4000001,,,,,1.36E-03,-4.00E-02
,,,1.37E-03,2.4000001,,,,,1.37E-03,-4.00E-02
,,,1.37E-03,2.4000001,,,,,1.37E-03,0
,,,1.37E-03,2.4000001,,,,,1.37E-03,-4.00E-02
,,,1.37E-03,2.4000001,,,,,1.37E-03,-4.00E-02
,,,1.37E-03,2.4000001,,,,,1.37E-03,0
,,,1.38E-03,2.6000001,,,,,1.38E-03,-4.00E-02
,,,1.38E-03,2.6000001,,,,,1.38E-03,0
,,,1.38E-03,2.6000001,,,,,1.38E-03,0
,,,1.38E-03,2.6000001,,,,,1.38E-03,0
,,,1.38E-03,2.6000001,,,,,1.38E-03,0
,,,1.39E-03,2.6000001,,,,,1.39E-03,-4.00E-02
,,,1.39E-03,2.6000001,,,,,1.39E-03,-4.00E-02
,,,1.39E-03,2.6000001,,,,,1.39E-03,-4.00E-02
,,,1.39E-03,2.6000001,,,,,1.39E-03,-4.00E-02
,,,1.39E-03,2.6000001,,,,,1.39E-03,-4.00E-02
,,,1.40E-03,2.6000001,,,,,1.40E-03,0
,,,1.40E-03,2.6000001,,,,,1.40E-03,0
,,,1.40E-03,2.79999995,,,,,1.40E-03,0
,,,1.40E-03,2.6000001,,,,,1.40E-03,0
,,,1.40E-03,2.79999995,,,,,1.40E-03,0
,,,1.41E-03,2.6000001,,,,,1.41E-03,0
,,,1.41E-03,2.6000001,,,,,1.41E-03,-4.00E-02
,,,1.41E-03,2.79999995,,,,,1.41E-03,-4.00E-02
,,,1.41E-03,2.79999995,,,,,1.41E-03,0
,,,1.41E-03,2.79999995,,,,,1.41E-03,0
,,,1.42E-03,2.79999995,,,,,1.42E-03,-4.00E-02
,,,1.42E-03,2.79999995,,,,,1.42E-03,0
,,,1.42E-03,2.79999995,,,,,1.42E-03,-4.00E-02
,,,1.42E-03,2.79999995,,,,,1.42E-03,0
,,,1.42E-03,2.79999995,,,,,1.42E-03,-4.00E-02
,,,1.43E-03,2.79999995,,,,,1.43E-03,-4.00E-02
,,,1.43E-03,2.79999995,,,,,1.43E-03,0
,,,1.43E-03,2.79999995,,,,,1.43E-03,-4.00E-02
,,,1.43E-03,3,,,,,1.43E-03,0
,,,1.43E-03,3,,,,,1.43E-03,0
,,,1.44E-03,2.79999995,,,,,1.44E-03,0
,,,1.44E-03,3,,,,,1.44E-03,0
,,,1.44E-03,3,,,,,1.44E-03,0
,,,1.44E-03,3,,,,,1.44E-03,-4.00E-02
,,,1.44E-03,3,,,,,1.44E-03,-4.00E-02
,,,1.45E-03,3,,,,,1.45E-03,-4.00E-02
,,,1.45E-03,3,,,,,1.45E-03,-4.00E-02
,,,1.45E-03,3,,,,,1.45E-03,-4.00E-02
,,,1.45E-03,3,,,,,1.45E-03,-4.00E-02
,,,1.45E-03,3,,,,,1.45E-03,0
,,,1.46E-03,3,,,,,1.46E-03,0
,,,1.46E-03,3,,,,,1.46E-03,-4.00E-02
,,,1.46E-03,3.20000005,,,,,1.46E-03,0
,,,1.46E-03,3,,,,,1.46E-03,-4.00E-02
,,,1.46E-03,3,,,,,1.46E-03,-4.00E-02
,,,1.47E-03,3.20000005,,,,,1.47E-03,0
,,,1.47E-03,3.20000005,,,,,1.47E-03,0
,,,1.47E-03,3.20000005,,,,,1.47E-03,0
,,,1.47E-03,3.20000005,,,,,1.47E-03,0
,,,1.47E-03,3.20000005,,,,,1.47E-03,0
,,,1.48E-03,3.20000005,,,,,1.48E-03,0
,,,1.48E-03,3.20000005,,,,,1.48E-03,0
,,,1.48E-03,3.20000005,,,,,1.48E-03,-4.00E-02
,,,1.48E-03,3.20000005,,,,,1.48E-03,-4.00E-02
,,,1.48E-03,3.4000001,,,,,1.48E-03,-4.00E-02
,,,1.49E-03,3.4000001,,,,,1.49E-03,-4.00E-02
,,,1.49E-03,3.4000001,,,,,1.49E-03,0
,,,1.49E-03,3.4000001,,,,,1.49E-03,0
,,,1.49E-03,3.4000001,,,,,1.49E-03,0
,,,1.49E-03,3.4000001,,,,,1.49E-03,0
,,,1.50E-03,3.60000014,,,,,1.50E-03,0
,,,1.50E-03,3.60000014,,,,,1.50E-03,0
,,,1.50E-03,3.60000014,,,,,1.50E-03,0
,,,1.50E-03,3.60000014,,,,,1.50E-03,0
,,,1.50E-03,3.60000014,,,,,1.50E-03,0
,,,1.51E-03,3.60000014,,,,,1.51E-03,0
,,,1.51E-03,3.60000014,,,,,1.51E-03,0
,,,1.51E-03,3.79999995,,,,,1.51E-03,0
,,,1.51E-03,3.60000014,,,,,1.51E-03,0
,,,1.51E-03,3.79999995,,,,,1.51E-03,0
,,,1.52E-03,3.79999995,,,,,1.52E-03,0
,,,1.52E-03,3.79999995,,,,,1.52E-03,0
,,,1.52E-03,3.79999995,,,,,1.52E-03,0
,,,1.52E-03,3.79999995,,,,,1.52E-03,0
,,,1.52E-03,3.79999995,,,,,1.52E-03,0
,,,1.53E-03,4,,,,,1.53E-03,0
,,,1.53E-03,4,,,,,1.53E-03,4.00E-02
,,,1.53E-03,3.79999995,,,,,1.53E-03,0
,,,1.53E-03,4,,,,,1.53E-03,0
,,,1.53E-03,4,,,,,1.53E-03,0
,,,1.54E-03,4,,,,,1.54E-03,0
,,,1.54E-03,4,,,,,1.54E-03,0
,,,1.54E-03,4,,,,,1.54E-03,0
,,,1.54E-03,4.20000029,,,,,1.54E-03,0
,,,1.54E-03,4.20000029,,,,,1.54E-03,0
,,,1.55E-03,4.20000029,,,,,1.55E-03,0
,,,1.55E-03,4.20000029,,,,,1.55E-03,0
,,,1.55E-03,4.20000029,,,,,1.55E-03,0
,,,1.55E-03,4.20000029,,,,,1.55E-03,0
,,,1.55E-03,4.20000029,,,,,1.55E-03,0
,,,1.56E-03,4.20000029,,,,,1.56E-03,0
,,,1.56E-03,4.20000029,,,,,1.56E-03,0
,,,1.56E-03,4.20000029,,,,,1.56E-03,0
,,,1.56E-03,4.20000029,,,,,1.56E-03,0
,,,1.56E-03,4.20000029,,,,,1.56E-03,4.00E-02
,,,1.57E-03,4.20000029,,,,,1.57E-03,4.00E-02
,,,1.57E-03,4.20000029,,,,,1.57E-03,0
,,,1.57E-03,4.20000029,,,,,1.57E-03,0
,,,1.57E-03,4.20000029,,,,,1.57E-03,0
,,,1.57E-03,4.20000029,,,,,1.57E-03,0
,,,1.58E-03,4.20000029,,,,,1.58E-03,0
,,,1.58E-03,4.20000029,,,,,1.58E-03,0
,,,1.58E-03,4.20000029,,,,,1.58E-03,0
,,,1.58E-03,4.20000029,,,,,1.58E-03,0
,,,1.58E-03,4.20000029,,,,,1.58E-03,4.00E-02
,,,1.59E-03,4.20000029,,,,,1.59E-03,0
,,,1.59E-03,4.20000029,,,,,1.59E-03,0
,,,1.59E-03,4.20000029,,,,,1.59E-03,0
,,,1.59E-03,4.20000029,,,,,1.59E-03,0
,,,1.59E-03,4.20000029,,,,,1.59E-03,0
,,,1.60E-03,4.20000029,,,,,1.60E-03,0
,,,1.60E-03,4.20000029,,,,,1.60E-03,0
,,,1.60E-03,4.20000029,,,,,1.60E-03,0
,,,1.60E-03,4.20000029,,,,,1.60E-03,0
,,,1.60E-03,4.20000029,,,,,1.60E-03,0
,,,1.61E-03,4.20000029,,,,,1.61E-03,0
,,,1.61E-03,4.20000029,,,,,1.61E-03,0
,,,1.61E-03,4.20000029,,,,,1.61E-03,0
,,,1.61E-03,4.20000029,,,,,1.61E-03,0
,,,1.61E-03,4.20000029,,,,,1.61E-03,0
,,,1.62E-03,4.20000029,,,,,1.62E-03,0
,,,1.62E-03,4.20000029,,,,,1.62E-03,0
,,,1.62E-03,4.20000029,,,,,1.62E-03,0
,,,1.62E-03,4.20000029,,,,,1.62E-03,0
,,,1.62E-03,4.20000029,,,,,1.62E-03,4.00E-02
,,,1.63E-03,4.20000029,,,,,1.63E-03,0
,,,1.63E-03,4.20000029,,,,,1.63E-03,0
,,,1.63E-03,4.20000029,,,,,1.63E-03,0
,,,1.63E-03,4.20000029,,,,,1.63E-03,0
,,,1.63E-03,4.20000029,,,,,1.63E-03,0
,,,1.64E-03,4.20000029,,,,,1.64E-03,0
,,,1.64E-03,4.20000029,,,,,1.64E-03,0
,,,1.64E-03,4.20000029,,,,,1.64E-03,0
,,,1.64E-03,4.20000029,,,,,1.64E-03,0
,,,1.64E-03,4,,,,,1.64E-03,0
,,,1.65E-03,4.20000029,,,,,1.65E-03,0
,,,1.65E-03,4.20000029,,,,,1.65E-03,0
,,,1.65E-03,4.20000029,,,,,1.65E-03,0
,,,1.65E-03,4.20000029,,,,,1.65E-03,0
,,,1.65E-03,4.20000029,,,,,1.65E-03,0
,,,1.66E-03,4,,,,,1.66E-03,0
,,,1.66E-03,4.20000029,,,,,1.66E-03,4.00E-02
,,,1.66E-03,4.20000029,,,,,1.66E-03,0
,,,1.66E-03,4.20000029,,,,,1.66E-03,0
,,,1.66E-03,4.20000029,,,,,1.66E-03,0
,,,1.67E-03,4.20000029,,,,,1.67E-03,0
,,,1.67E-03,4.20000029,,,,,1.67E-03,0
,,,1.67E-03,4.20000029,,,,,1.67E-03,-4.00E-02
,,,1.67E-03,4.20000029,,,,,1.67E-03,0
,,,1.67E-03,4.20000029,,,,,1.67E-03,0
,,,1.68E-03,4.20000029,,,,,1.68E-03,0
,,,1.68E-03,4.20000029,,,,,1.68E-03,4.00E-02
,,,1.68E-03,4.20000029,,,,,1.68E-03,4.00E-02
,,,1.68E-03,4.20000029,,,,,1.68E-03,0
,,,1.68E-03,4.20000029,,,,,1.68E-03,0
,,,1.69E-03,4.20000029,,,,,1.69E-03,0
,,,1.69E-03,4.20000029,,,,,1.69E-03,0
,,,1.69E-03,4.20000029,,,,,1.69E-03,0
,,,1.69E-03,4.20000029,,,,,1.69E-03,0
,,,1.69E-03,4.20000029,,,,,1.69E-03,0
,,,1.70E-03,4.20000029,,,,,1.70E-03,0
,,,1.70E-03,4.20000029,,,,,1.70E-03,0
,,,1.70E-03,4.20000029,,,,,1.70E-03,0
,,,1.70E-03,4.20000029,,,,,1.70E-03,0
,,,1.70E-03,4.20000029,,,,,1.70E-03,0
,,,1.71E-03,4,,,,,1.71E-03,0
,,,1.71E-03,4.20000029,,,,,1.71E-03,0
,,,1.71E-03,4.20000029,,,,,1.71E-03,0
,,,1.71E-03,4,,,,,1.71E-03,0
,,,1.71E-03,4.20000029,,,,,1.71E-03,0
,,,1.72E-03,4,,,,,1.72E-03,0
,,,1.72E-03,4,,,,,1.72E-03,0
,,,1.72E-03,4,,,,,1.72E-03,0
,,,1.72E-03,4.20000029,,,,,1.72E-03,0
,,,1.72E-03,4,,,,,1.72E-03,-4.00E-02
,,,1.73E-03,4,,,,,1.73E-03,0
,,,1.73E-03,4,,,,,1.73E-03,0
,,,1.73E-03,4,,,,,1.73E-03,-4.00E-02
,,,1.73E-03,4,,,,,1.73E-03,0
,,,1.73E-03,4,,,,,1.73E-03,0
,,,1.74E-03,4.20000029,,,,,1.74E-03,0
,,,1.74E-03,4,,,,,1.74E-03,0
,,,1.74E-03,4,,,,,1.74E-03,0
,,,1.74E-03,4.20000029,,,,,1.74E-03,0
,,,1.74E-03,4,,,,,1.74E-03,0
,,,1.75E-03,4,,,,,1.75E-03,0
,,,1.75E-03,4,,,,,1.75E-03,0
,,,1.75E-03,4,,,,,1.75E-03,0
,,,1.75E-03,4,,,,,1.75E-03,0
,,,1.75E-03,4,,,,,1.75E-03,0
,,,1.76E-03,4,,,,,1.76E-03,0
,,,1.76E-03,4,,,,,1.76E-03,0
,,,1.76E-03,4,,,,,1.76E-03,-4.00E-02
,,,1.76E-03,4,,,,,1.76E-03,-4.00E-02
,,,1.76E-03,4,,,,,1.76E-03,0
,,,1.77E-03,4,,,,,1.77E-03,0
,,,1.77E-03,4,,,,,1.77E-03,0
,,,1.77E-03,4,,,,,1.77E-03,0
,,,1.77E-03,4,,,,,1.77E-03,0
,,,1.77E-03,4,,,,,1.77E-03,0
,,,1.78E-03,4,,,,,1.78E-03,0
,,,1.78E-03,3.79999995,,,,,1.78E-03,-4.00E-02
,,,1.78E-03,4,,,,,1.78E-03,0
,,,1.78E-03,4,,,,,1.78E-03,0
,,,1.78E-03,3.79999995,,,,,1.78E-03,0
,,,1.79E-03,4,,,,,1.79E-03,0
,,,1.79E-03,4,,,,,1.79E-03,0
,,,1.79E-03,4,,,,,1.79E-03,0
,,,1.79E-03,3.79999995,,,,,1.79E-03,0
,,,1.79E-03,3.79999995,,,,,1.79E-03,0
,,,1.80E-03,3.79999995,,,,,1.80E-03,-4.00E-02
,,,1.80E-03,3.79999995,,,,,1.80E-03,-4.00E-02
,,,1.80E-03,3.79999995,,,,,1.80E-03,0
,,,1.80E-03,3.79999995,,,,,1.80E-03,0
,,,1.80E-03,3.79999995,,,,,1.80E-03,0
,,,1.81E-03,3.79999995,,,,,1.81E-03,0
,,,1.81E-03,3.79999995,,,,,1.81E-03,0
,,,1.81E-03,3.79999995,,,,,1.81E-03,0
,,,1.81E-03,3.79999995,,,,,1.81E-03,0
,,,1.81E-03,3.79999995,,,,,1.81E-03,0
,,,1.82E-03,4,,,,,1.82E-03,0
,,,1.82E-03,3.79999995,,,,,1.82E-03,0
,,,1.82E-03,3.79999995,,,,,1.82E-03,-4.00E-02
,,,1.82E-03,3.79999995,,,,,1.82E-03,0
,,,1.82E-03,4,,,,,1.82E-03,0
,,,1.83E-03,4,,,,,1.83E-03,0
,,,1.83E-03,4,,,,,1.83E-03,0
,,,1.83E-03,4,,,,,1.83E-03,0
,,,1.83E-03,4,,,,,1.83E-03,0
,,,1.83E-03,3.79999995,,,,,1.83E-03,0
,,,1.84E-03,4,,,,,1.84E-03,0
,,,1.84E-03,4,,,,,1.84E-03,0
,,,1.84E-03,4,,,,,1.84E-03,0
,,,1.84E-03,4,,,,,1.84E-03,0
,,,1.84E-03,4,,,,,1.84E-03,0
,,,1.85E-03,4,,,,,1.85E-03,4.00E-02
,,,1.85E-03,4,,,,,1.85E-03,0
,,,1.85E-03,4,,,,,1.85E-03,0
,,,1.85E-03,4,,,,,1.85E-03,0
,,,1.85E-03,4,,,,,1.85E-03,0
,,,1.86E-03,4,,,,,1.86E-03,0
,,,1.86E-03,4,,,,,1.86E-03,0
,,,1.86E-03,4,,,,,1.86E-03,0
,,,1.86E-03,4,,,,,1.86E-03,0
,,,1.86E-03,4,,,,,1.86E-03,0
,,,1.87E-03,4,,,,,1.87E-03,0
,,,1.87E-03,4,,,,,1.87E-03,0
,,,1.87E-03,4,,,,,1.87E-03,0
,,,1.87E-03,4,,,,,1.87E-03,0
,,,1.87E-03,4,,,,,1.87E-03,0
,,,1.88E-03,4,,,,,1.88E-03,0
,,,1.88E-03,4,,,,,1.88E-03,0
,,,1.88E-03,4.20000029,,,,,1.88E-03,0
,,,1.88E-03,4.20000029,,,,,1.88E-03,0
,,,1.88E-03,4.20000029,,,,,1.88E-03,0
,,,1.89E-03,4.20000029,,,,,1.89E-03,0
,,,1.89E-03,4.20000029,,,,,1.89E-03,0
,,,1.89E-03,4,,,,,1.89E-03,0
,,,1.89E-03,4.20000029,,,,,1.89E-03,-4.00E-02
,,,1.89E-03,4.20000029,,,,,1.89E-03,0
,,,1.90E-03,4.20000029,,,,,1.90E-03,0
,,,1.90E-03,4.20000029,,,,,1.90E-03,0
,,,1.90E-03,4.20000029,,,,,1.90E-03,0
,,,1.90E-03,4.20000029,,,,,1.90E-03,0
,,,1.90E-03,4.20000029,,,,,1.90E-03,0
,,,1.91E-03,4.20000029,,,,,1.91E-03,0
,,,1.91E-03,4.20000029,,,,,1.91E-03,0
,,,1.91E-03,4.20000029,,,,,1.91E-03,-4.00E-02
,,,1.91E-03,4.20000029,,,,,1.91E-03,-4.00E-02
,,,1.91E-03,4.20000029,,,,,1.91E-03,0
,,,1.92E-03,4.20000029,,,,,1.92E-03,0
,,,1.92E-03,4.20000029,,,,,1.92E-03,0
,,,1.92E-03,4.20000029,,,,,1.92E-03,0
,,,1.92E-03,4.20000029,,,,,1.92E-03,0
,,,1.92E-03,4.20000029,,,,,1.92E-03,0
,,,1.93E-03,4.20000029,,,,,1.93E-03,0
,,,1.93E-03,4.20000029,,,,,1.93E-03,0
,,,1.93E-03,4.20000029,,,,,1.93E-03,0
,,,1.93E-03,4.20000029,,,,,1.93E-03,-4.00E-02
,,,1.93E-03,4.20000029,,,,,1.93E-03,0
,,,1.94E-03,4.20000029,,,,,1.94E-03,0
,,,1.94E-03,4.20000029,,,,,1.94E-03,0
,,,1.94E-03,4.20000029,,,,,1.94E-03,-4.00E-02
,,,1.94E-03,4.20000029,,,,,1.94E-03,-4.00E-02
,,,1.94E-03,4.20000029,,,,,1.94E-03,0
,,,1.95E-03,4.20000029,,,,,1.95E-03,-4.00E-02
,,,1.95E-03,4.20000029,,,,,1.95E-03,-4.00E-02
,,,1.95E-03,4.20000029,,,,,1.95E-03,0
,,,1.95E-03,4.20000029,,,,,1.95E-03,0
,,,1.95E-03,4.20000029,,,,,1.95E-03,0
,,,1.96E-03,4.20000029,,,,,1.96E-03,-4.00E-02
,,,1.96E-03,4.20000029,,,,,1.96E-03,0
,,,1.96E-03,4.20000029,,,,,1.96E-03,0
,,,1.96E-03,4.20000029,,,,,1.96E-03,0
,,,1.96E-03,4.20000029,,,,,1.96E-03,-4.00E-02
,,,1.97E-03,4.20000029,,,,,1.97E-03,0
,,,1.97E-03,4.20000029,,,,,1.97E-03,-4.00E-02
,,,1.97E-03,4.20000029,,,,,1.97E-03,-4.00E-02
,,,1.97E-03,4.20000029,,,,,1.97E-03,-4.00E-02
,,,1.97E-03,4.20000029,,,,,1.97E-03,0
,,,1.98E-03,4.20000029,,,,,1.98E-03,-4.00E-02
,,,1.98E-03,4.20000029,,,,,1.98E-03,0
,,,1.98E-03,4.20000029,,,,,1.98E-03,0
,,,1.98E-03,4.20000029,,,,,1.98E-03,-4.00E-02
,,,1.98E-03,4.20000029,,,,,1.98E-03,-4.00E-02
,,,1.99E-03,4.20000029,,,,,1.99E-03,-4.00E-02
,,,1.99E-03,4.20000029,,,,,1.99E-03,-4.00E-02
,,,1.99E-03,4.20000029,,,,,1.99E-03,0
,,,1.99E-03,4.4000001,,,,,1.99E-03,0
,,,1.99E-03,4.20000029,,,,,1.99E-03,0
,,,2.00E-03,4.20000029,,,,,2.00E-03,0
,,,2.00E-03,4.20000029,,,,,2.00E-03,-4.00E-02
,,,2.00E-03,4.20000029,,,,,2.00E-03,-4.00E-02
,,,2.00E-03,4.20000029,,,,,2.00E-03,-4.00E-02
,,,2.00E-03,4.4000001,,,,,2.00E-03,-4.00E-02
,,,2.01E-03,4.4000001,,,,,2.01E-03,0
,,,2.01E-03,4.20000029,,,,,2.01E-03,-4.00E-02
,,,2.01E-03,4.4000001,,,,,2.01E-03,0
,,,2.01E-03,4.4000001,,,,,2.01E-03,0
,,,2.01E-03,4.4000001,,,,,2.01E-03,0
,,,2.02E-03,4.4000001,,,,,2.02E-03,0
,,,2.02E-03,4.4000001,,,,,2.02E-03,-4.00E-02
,,,2.02E-03,4.4000001,,,,,2.02E-03,-4.00E-02
,,,2.02E-03,4.4000001,,,,,2.02E-03,-4.00E-02
,,,2.02E-03,4.4000001,,,,,2.02E-03,-4.00E-02
,,,2.03E-03,4.4000001,,,,,2.03E-03,-4.00E-02
,,,2.03E-03,4.4000001,,,,,2.03E-03,-4.00E-02
,,,2.03E-03,4.4000001,,,,,2.03E-03,0
,,,2.03E-03,4.4000001,,,,,2.03E-03,-4.00E-02
,,,2.03E-03,4.4000001,,,,,2.03E-03,0
,,,2.04E-03,4.4000001,,,,,2.04E-03,-4.00E-02
,,,2.04E-03,4.4000001,,,,,2.04E-03,-4.00E-02
,,,2.04E-03,4.4000001,,,,,2.04E-03,-4.00E-02
,,,2.04E-03,4.5999999,,,,,2.04E-03,-4.00E-02
,,,2.04E-03,4.4000001,,,,,2.04E-03,0
,,,2.05E-03,4.4000001,,,,,2.05E-03,0
,,,2.05E-03,4.5999999,,,,,2.05E-03,0
,,,2.05E-03,4.5999999,,,,,2.05E-03,0
,,,2.05E-03,4.5999999,,,,,2.05E-03,0
,,,2.05E-03,4.5999999,,,,,2.05E-03,0
,,,2.06E-03,4.5999999,,,,,2.06E-03,-4.00E-02
,,,2.06E-03,4.5999999,,,,,2.06E-03,-4.00E-02
,,,2.06E-03,4.4000001,,,,,2.06E-03,-4.00E-02
,,,2.06E-03,4.5999999,,,,,2.06E-03,-4.00E-02
,,,2.06E-03,4.5999999,,,,,2.06E-03,-4.00E-02
,,,2.07E-03,4.5999999,,,,,2.07E-03,-4.00E-02
,,,2.07E-03,4.5999999,,,,,2.07E-03,-4.00E-02
,,,2.07E-03,4.4000001,,,,,2.07E-03,-4.00E-02
,,,2.07E-03,4.5999999,,,,,2.07E-03,0
,,,2.07E-03,4.5999999,,,,,2.07E-03,-4.00E-02
,,,2.08E-03,4.5999999,,,,,2.08E-03,-4.00E-02
,,,2.08E-03,4.5999999,,,,,2.08E-03,-4.00E-02
,,,2.08E-03,4.5999999,,,,,2.08E-03,-4.00E-02
,,,2.08E-03,4.4000001,,,,,2.08E-03,-4.00E-02
,,,2.08E-03,4.5999999,,,,,2.08E-03,0
,,,2.09E-03,4.5999999,,,,,2.09E-03,-4.00E-02
,,,2.09E-03,4.5999999,,,,,2.09E-03,-4.00E-02
,,,2.09E-03,4.5999999,,,,,2.09E-03,-4.00E-02
,,,2.09E-03,4.4000001,,,,,2.09E-03,-4.00E-02
,,,2.09E-03,4.4000001,,,,,2.09E-03,-4.00E-02
,,,2.10E-03,4.5999999,,,,,2.10E-03,-4.00E-02
,,,2.10E-03,4.4000001,,,,,2.10E-03,-4.00E-02
,,,2.10E-03,4.4000001,,,,,2.10E-03,-4.00E-02
,,,2.10E-03,4.4000001,,,,,2.10E-03,-4.00E-02
,,,2.10E-03,4.4000001,,,,,2.10E-03,-4.00E-02
,,,2.11E-03,4.4000001,,,,,2.11E-03,0
,,,2.11E-03,4.4000001,,,,,2.11E-03,-4.00E-02
,,,2.11E-03,4.4000001,,,,,2.11E-03,-4.00E-02
,,,2.11E-03,4.4000001,,,,,2.11E-03,-4.00E-02
,,,2.11E-03,4.20000029,,,,,2.11E-03,-4.00E-02
,,,2.12E-03,4.4000001,,,,,2.12E-03,-8.00E-02
,,,2.12E-03,4.20000029,,,,,2.12E-03,-8.00E-02
,,,2.12E-03,4.20000029,,,,,2.12E-03,-4.00E-02
,,,2.12E-03,4.20000029,,,,,2.12E-03,-4.00E-02
,,,2.12E-03,4.20000029,,,,,2.12E-03,-4.00E-02
,,,2.13E-03,4.20000029,,,,,2.13E-03,-4.00E-02
,,,2.13E-03,4.20000029,,,,,2.13E-03,-4.00E-02
,,,2.13E-03,4,,,,,2.13E-03,-8.00E-02
,,,2.13E-03,4,,,,,2.13E-03,-8.00E-02
,,,2.13E-03,4,,,,,2.13E-03,-8.00E-02
,,,2.14E-03,4,,,,,2.14E-03,-4.00E-02
,,,2.14E-03,4,,,,,2.14E-03,-8.00E-02
,,,2.14E-03,4,,,,,2.14E-03,-4.00E-02
,,,2.14E-03,4,,,,,2.14E-03,-4.00E-02
,,,2.14E-03,4,,,,,2.14E-03,-4.00E-02
,,,2.15E-03,3.79999995,,,,,2.15E-03,-4.00E-02
,,,2.15E-03,3.79999995,,,,,2.15E-03,-8.00E-02
,,,2.15E-03,3.79999995,,,,,2.15E-03,-8.00E-02
,,,2.15E-03,3.79999995,,,,,2.15E-03,-8.00E-02
,,,2.15E-03,3.79999995,,,,,2.15E-03,-8.00E-02
,,,2.16E-03,3.60000014,,,,,2.16E-03,-4.00E-02
,,,2.16E-03,3.60000014,,,,,2.16E-03,-8.00E-02
,,,2.16E-03,3.60000014,,,,,2.16E-03,-8.00E-02
,,,2.16E-03,3.60000014,,,,,2.16E-03,-8.00E-02
,,,2.16E-03,3.60000014,,,,,2.16E-03,-8.00E-02
,,,2.17E-03,3.60000014,,,,,2.17E-03,-8.00E-02
,,,2.17E-03,3.4000001,,,,,2.17E-03,-8.00E-02
,,,2.17E-03,3.4000001,,,,,2.17E-03,-8.00E-02
,,,2.17E-03,3.4000001,,,,,2.17E-03,-8.00E-02
,,,2.17E-03,3.20000005,,,,,2.17E-03,-8.00E-02
,,,2.18E-03,3.4000001,,,,,2.18E-03,-8.00E-02
,,,2.18E-03,3.20000005,,,,,2.18E-03,-8.00E-02
,,,2.18E-03,3.20000005,,,,,2.18E-03,-8.00E-02
,,,2.18E-03,3.20000005,,,,,2.18E-03,-8.00E-02
,,,2.18E-03,3.20000005,,,,,2.18E-03,-8.00E-02
,,,2.19E-03,3.20000005,,,,,2.19E-03,-8.00E-02
,,,2.19E-03,3.20000005,,,,,2.19E-03,-1.20E-01
,,,2.19E-03,3.20000005,,,,,2.19E-03,-8.00E-02
,,,2.19E-03,3,,,,,2.19E-03,-8.00E-02
,,,2.19E-03,3,,,,,2.19E-03,-1.20E-01
,,,2.20E-03,3,,,,,2.20E-03,-8.00E-02
,,,2.20E-03,3,,,,,2.20E-03,-8.00E-02
,,,2.20E-03,3,,,,,2.20E-03,-8.00E-02
,,,2.20E-03,3,,,,,2.20E-03,-8.00E-02
,,,2.20E-03,3,,,,,2.20E-03,-8.00E-02
,,,2.21E-03,3,,,,,2.21E-03,-8.00E-02
,,,2.21E-03,3,,,,,2.21E-03,-1.20E-01
,,,2.21E-03,2.79999995,,,,,2.21E-03,-1.20E-01
,,,2.21E-03,3,,,,,2.21E-03,-1.20E-01
,,,2.21E-03,3,,,,,2.21E-03,-8.00E-02
,,,2.22E-03,2.79999995,,,,,2.22E-03,-8.00E-02
,,,2.22E-03,2.79999995,,,,,2.22E-03,-1.20E-01
,,,2.22E-03,2.79999995,,,,,2.22E-03,-8.00E-02
,,,2.22E-03,2.79999995,,,,,2.22E-03,-8.00E-02
,,,2.22E-03,2.79999995,,,,,2.22E-03,-1.20E-01
,,,2.23E-03,2.79999995,,,,,2.23E-03,-1.20E-01
,,,2.23E-03,2.79999995,,,,,2.23E-03,-8.00E-02
,,,2.23E-03,2.79999995,,,,,2.23E-03,-8.00E-02
,,,2.23E-03,2.79999995,,,,,2.23E-03,-8.00E-02
,,,2.23E-03,2.79999995,,,,,2.23E-03,-8.00E-02
,,,2.24E-03,2.79999995,,,,,2.24E-03,-8.00E-02
,,,2.24E-03,2.79999995,,,,,2.24E-03,-4.00E-02
,,,2.24E-03,2.79999995,,,,,2.24E-03,-8.00E-02
,,,2.24E-03,2.79999995,,,,,2.24E-03,-8.00E-02
,,,2.24E-03,2.79999995,,,,,2.24E-03,-1.20E-01
,,,2.25E-03,2.79999995,,,,,2.25E-03,-8.00E-02
,,,2.25E-03,2.79999995,,,,,2.25E-03,-1.20E-01
,,,2.25E-03,2.79999995,,,,,2.25E-03,-8.00E-02
,,,2.25E-03,2.79999995,,,,,2.25E-03,-8.00E-02
,,,2.25E-03,2.79999995,,,,,2.25E-03,-8.00E-02
,,,2.26E-03,2.79999995,,,,,2.26E-03,-8.00E-02
,,,2.26E-03,2.79999995,,,,,2.26E-03,-8.00E-02
,,,2.26E-03,2.79999995,,,,,2.26E-03,-8.00E-02
,,,2.26E-03,2.79999995,,,,,2.26E-03,-8.00E-02
,,,2.26E-03,2.79999995,,,,,2.26E-03,-8.00E-02
,,,2.27E-03,2.79999995,,,,,2.27E-03,-8.00E-02
,,,2.27E-03,2.79999995,,,,,2.27E-03,-8.00E-02
,,,2.27E-03,2.79999995,,,,,2.27E-03,-8.00E-02
,,,2.27E-03,2.79999995,,,,,2.27E-03,-8.00E-02
,,,2.27E-03,2.79999995,,,,,2.27E-03,-8.00E-02
,,,2.28E-03,2.79999995,,,,,2.28E-03,-8.00E-02
,,,2.28E-03,2.79999995,,,,,2.28E-03,-1.20E-01
,,,2.28E-03,2.79999995,,,,,2.28E-03,-1.20E-01
,,,2.28E-03,2.79999995,,,,,2.28E-03,-1.20E-01
,,,2.28E-03,2.79999995,,,,,2.28E-03,-1.20E-01
,,,2.29E-03,2.79999995,,,,,2.29E-03,-8.00E-02
,,,2.29E-03,3,,,,,2.29E-03,-8.00E-02
,,,2.29E-03,2.79999995,,,,,2.29E-03,-8.00E-02
,,,2.29E-03,2.79999995,,,,,2.29E-03,-8.00E-02
,,,2.29E-03,2.79999995,,,,,2.29E-03,-8.00E-02
,,,2.30E-03,2.79999995,,,,,2.30E-03,-8.00E-02
,,,2.30E-03,2.79999995,,,,,2.30E-03,-8.00E-02
,,,2.30E-03,2.79999995,,,,,2.30E-03,-1.20E-01
,,,2.30E-03,2.79999995,,,,,2.30E-03,-8.00E-02
,,,2.30E-03,2.79999995,,,,,2.30E-03,-1.20E-01
,,,2.31E-03,2.79999995,,,,,2.31E-03,-8.00E-02
,,,2.31E-03,2.79999995,,,,,2.31E-03,-8.00E-02
,,,2.31E-03,2.6000001,,,,,2.31E-03,-8.00E-02
,,,2.31E-03,2.6000001,,,,,2.31E-03,-8.00E-02
,,,2.31E-03,2.79999995,,,,,2.31E-03,-1.20E-01
,,,2.32E-03,2.6000001,,,,,2.32E-03,-1.20E-01
,,,2.32E-03,2.6000001,,,,,2.32E-03,-1.20E-01
,,,2.32E-03,2.6000001,,,,,2.32E-03,-1.20E-01
,,,2.32E-03,2.6000001,,,,,2.32E-03,-1.20E-01
,,,2.32E-03,2.6000001,,,,,2.32E-03,-8.00E-02
,,,2.33E-03,2.6000001,,,,,2.33E-03,-8.00E-02
,,,2.33E-03,2.6000001,,,,,2.33E-03,-8.00E-02
,,,2.33E-03,2.6000001,,,,,2.33E-03,-4.00E-02
,,,2.33E-03,2.6000001,,,,,2.33E-03,-1.20E-01
,,,2.33E-03,2.6000001,,,,,2.33E-03,-8.00E-02
,,,2.34E-03,2.6000001,,,,,2.34E-03,-1.20E-01
,,,2.34E-03,2.6000001,,,,,2.34E-03,-1.20E-01
,,,2.34E-03,2.6000001,,,,,2.34E-03,-1.20E-01
,,,2.34E-03,2.6000001,,,,,2.34E-03,-1.20E-01
,,,2.34E-03,2.6000001,,,,,2.34E-03,-1.20E-01
,,,2.35E-03,2.4000001,,,,,2.35E-03,-8.00E-02
,,,2.35E-03,2.4000001,,,,,2.35E-03,-8.00E-02
,,,2.35E-03,2.4000001,,,,,2.35E-03,-1.20E-01
,,,2.35E-03,2.4000001,,,,,2.35E-03,-1.20E-01
,,,2.35E-03,2.4000001,,,,,2.35E-03,-1.20E-01
,,,2.36E-03,2.4000001,,,,,2.36E-03,-1.20E-01
,,,2.36E-03,2.4000001,,,,,2.36E-03,-8.00E-02
,,,2.36E-03,2.4000001,,,,,2.36E-03,-8.00E-02
,,,2.36E-03,2.4000001,,,,,2.36E-03,-1.20E-01
,,,2.36E-03,2.2,,,,,2.36E-03,-8.00E-02
,,,2.37E-03,2.4000001,,,,,2.37E-03,-8.00E-02
,,,2.37E-03,2.4000001,,,,,2.37E-03,-8.00E-02
,,,2.37E-03,2.4000001,,,,,2.37E-03,-1.20E-01
,,,2.37E-03,2.4000001,,,,,2.37E-03,-1.20E-01
,,,2.37E-03,2.2,,,,,2.37E-03,-1.20E-01
,,,2.38E-03,2.4000001,,,,,2.38E-03,-1.20E-01
,,,2.38E-03,2.2,,,,,2.38E-03,-1.20E-01
,,,2.38E-03,2.2,,,,,2.38E-03,-1.20E-01
,,,2.38E-03,2.2,,,,,2.38E-03,-1.20E-01
,,,2.38E-03,2.2,,,,,2.38E-03,-8.00E-02
,,,2.39E-03,2.2,,,,,2.39E-03,-8.00E-02
,,,2.39E-03,2.2,,,,,2.39E-03,-8.00E-02
,,,2.39E-03,2.2,,,,,2.39E-03,-1.20E-01
,,,2.39E-03,2.2,,,,,2.39E-03,-8.00E-02
,,,2.39E-03,2.2,,,,,2.39E-03,-1.20E-01